0.4,0.15,50,0.0,0.5,0.55,0.99862875705181,false,6.856214740950349E-4,0.14979431355777148
0.4,0.7515151515151516,8910,0.0,0.499665384319689,0.549631922751658,0.005091422853490957,false,0.4974542885732545,0.0038262814171689617
0.4,1.353030303030303,5907,0.0,0.4919757383631808,0.5411733121994989,0.0020772238294474166,false,0.4989613880852763,0.0028105467874190047
0.4,1.9545454545454546,7321,0.0,0.49184972064321586,0.5410346927075375,0.0012405130008520393,false,0.499379743499574,0.002424639047119895
0.4,2.556060606060606,8869,0.0,0.49188824434053113,0.5410770687745843,8.70459771885046E-4,false,0.4995647701140575,0.0022249479320758676
0.4,3.1575757575757577,10425,0.0,0.4917181359776359,0.5408899495753996,6.233043903502988E-4,false,0.49968834780482485,0.0019681308325606404
0.4,3.7590909090909093,11900,0.0,0.4919407773798544,0.5411348551178399,4.802790545270774E-4,false,0.49975986047273646,0.0018054126276995138
0.4,4.360606060606061,13360,0.0,0.4918595749254392,0.5410455324179831,3.965706690043369E-4,false,0.49980171466549783,0.0017292884627189118
0.4,4.962121212121213,14557,0.0,0.4918477332331103,0.5410325065564214,3.294771644036798E-4,false,0.49983526141779816,0.0016349056263970478
0.4,5.563636363636364,15737,0.0,0.4918480026320135,0.5410328028952149,2.752067729459018E-4,false,0.49986239661352705,0.0015311504094808355
0.4,6.165151515151516,16888,0.0,0.4918962245706281,0.5410858470276909,2.3068125291225705E-4,false,0.49988465937354387,0.0014221848759090516
0.4,6.7666666666666675,17948,0.0,0.491882384581776,0.5410706230399537,2.0615810298640902E-4,false,0.4998969209485068,0.0013950031635413679
0.4,7.368181818181819,19063,0.0,0.49163477238354225,0.5407982496218965,1.7392469348576078E-4,false,0.4999130376532571,0.0012815087642746284
0.4,7.969696969696971,20149,0.0,0.49172650873823,0.540899159612053,1.5628297404512992E-4,false,0.49992185851297744,0.0012455279446627022
0.4,8.571212121212122,21199,0.0,0.49192735485362754,0.5411200903389903,1.4066201846951731E-4,false,0.49992966899076524,0.0012056439977000902
0.4,9.172727272727274,22134,0.0,0.491744076548967,0.5409184842038638,1.2691579099999295E-4,false,0.4999365421045,0.00116416393744539
0.4,9.774242424242425,23153,0.0,0.4918778288513058,0.5410656117364364,1.1468780636758602E-4,false,0.4999426560968162,0.0011209864225413598
0.4,10.375757575757577,24138,0.0,0.49186412384527967,0.5410505362298077,1.0374120925493724E-4,false,0.49994812939537253,0.001076393637845167
0.4,10.977272727272728,25097,0.0,0.49193511785090016,0.5411286296359902,9.400597487363438E-5,false,0.4999529970125632,0.001031929224181032
0.4,11.57878787878788,26006,0.0,0.4916920480270468,0.5408612528297515,8.529447883243169E-5,false,0.4999573527605838,9.876066776324894E-4
0.4,12.180303030303032,26876,0.0,0.49185008795533114,0.5410350967508643,7.749949689428437E-5,false,0.49996125025155286,9.439673568684123E-4
0.4,12.781818181818183,27684,0.0,0.4917207859623304,0.5408928645585634,7.045651087100868E-5,false,0.4999647717445645,9.005623116785293E-4
0.4,13.383333333333335,28518,0.0,0.4917223769040163,0.540894614594418,6.413680277883582E-5,false,0.4999679315986106,8.583642105234195E-4
0.4,13.984848484848486,29278,0.0,0.49176398146920997,0.540940379616131,6.209563137993257E-5,false,0.49996895218431003,8.683979964193601E-4
0.4,14.586363636363638,30006,0.0,0.49192460476975264,0.541117065246728,5.661379479338091E-5,false,0.4999716931026033,8.257893976907244E-4
0.4,15.18787878787879,30738,0.0,0.4918095566703272,0.54099051233736,5.167938953076767E-5,false,0.4999741603052346,7.849003040248715E-4
0.4,15.78939393939394,31403,0.0,0.49159768190711367,0.540757450097825,5.015731139823565E-5,false,0.4999749213443009,7.919535486075966E-4
0.4,16.39090909090909,32085,0.0,0.49165328746302167,0.5408186162093239,4.5853449973098925E-5,false,0.49997707327501345,7.515797300136123E-4
0.4,16.992424242424242,32735,0.0,0.4917655008176092,0.5409420508993702,4.456532919427936E-5,false,0.49997771733540286,7.572729801724894E-4
0.4,17.593939393939394,33386,0.0,0.49183260493787245,0.5410158654316597,4.07953095727942E-5,false,0.4999796023452136,7.177502041807367E-4
0.4,18.195454545454545,34012,0.0,0.49181854583280243,0.5410004004160828,3.7385944408718785E-5,false,0.49998130702779564,6.802542521277331E-4
0.4,18.796969696969697,34621,0.0,0.49175632881146925,0.5409319616926163,3.640401575089047E-5,false,0.49998179799212455,6.842851809174958E-4
0.4,19.39848484848485,35266,0.0,0.49183919188513747,0.5410231110736513,3.338634500937854E-5,false,0.4999833068274953,6.476445078107173E-4
0.4,20.0,35862,0.0,0.4919152690057187,0.5411067959062906,3.254693897625227E-5,false,0.4999837265305119,6.509387795250454E-4
0.45,0.15,44,0.0,0.5,0.55,0.998627456555257,false,6.862717223715081E-4,0.14979411848328855
0.45,0.7515151515151516,7920,0.0,0.4996590883225625,0.5496249971548188,0.005089767447877036,false,0.4974551162760615,0.0038250373547681973
0.45,1.353030303030303,5229,0.0,0.4920701948991964,0.5412772143891161,0.0020770562836958106,false,0.4989614718581521,0.0028103200929399377
0.45,1.9545454545454546,6498,0.0,0.4919026086888973,0.541092869557787,0.001240519076399882,false,0.49937974046180006,0.002424650922054315
0.45,2.556060606060606,7832,0.0,0.4918997241035517,0.5410896965139069,8.703770673984534E-4,false,0.4995648114663008,0.002224736534395744
0.45,3.1575757575757577,9246,0.0,0.49206682515437344,0.5412735076698109,6.232538472797922E-4,false,0.4996883730763601,0.0019679712389864953
0.45,3.7590909090909093,10523,0.0,0.4921769280605726,0.5413946208666299,4.804849720814186E-4,false,0.4997597575139593,0.00180618669050606
0.45,4.360606060606061,11799,0.0,0.4918201346482651,0.5410021481130917,3.964500700495144E-4,false,0.49980177496497524,0.0017287625781856099
0.45,4.962121212121213,12876,0.0,0.49175971414824693,0.5409356855630717,3.2950671854181657E-4,false,0.4998352466407291,0.0016350522776128022
0.45,5.563636363636364,13920,0.0,0.4917547037105327,0.5409301740815861,2.75179452727925E-4,false,0.49986241027363604,0.0015309984097226373
0.45,6.165151515151516,14888,0.0,0.49192444204244595,0.5411168862466906,2.3067528333475806E-4,false,0.4998846623583326,0.001422148072559289
0.45,6.7666666666666675,15845,0.0,0.491906261497758,0.5410968876475338,2.061297439234222E-4,false,0.4998969351280383,0.001394811267215157
0.45,7.368181818181819,16810,0.0,0.49196953382201447,0.541166487204216,1.7396570104721842E-4,false,0.4999130171494764,0.0012818109154433687
0.45,7.969696969696971,17773,0.0,0.4920305336623254,0.541233587028558,1.5629016545759544E-4,false,0.4999218549172712,0.0012455852580408365
0.45,8.571212121212122,18711,0.0,0.49170084898912236,0.5408709338880346,1.4070760483697597E-4,false,0.4999296461975815,0.0012060347281254138
0.45,9.172727272727274,19532,0.0,0.4919979714622079,0.5411977686084287,1.2685373377097076E-4,false,0.4999365731331145,0.0011635947034082683
0.45,9.774242424242425,20425,0.0,0.49171946862684773,0.5408914154895326,1.1465640205010619E-4,false,0.49994267179897495,0.001120679469129144
0.45,10.375757575757577,21283,0.0,0.49194396269332524,0.5411383589626578,1.0373691546794461E-4,false,0.499948131542266,0.0010763490865522496
0.45,10.977272727272728,22142,0.0,0.4917236213131683,0.5408959834444852,9.39957936587632E-5,false,0.4999530021031706,0.0010318174622086962
0.45,11.57878787878788,22912,0.0,0.4917716010122445,0.540948761113469,8.526337024872266E-5,false,0.49995736831487564,9.872464779405131E-4
0.45,12.180303030303032,23705,0.0,0.49171528220433114,0.5408868104247643,7.74612296255972E-5,false,0.4999612693851872,9.435012499396606E-4
0.45,12.781818181818183,24415,0.0,0.4917865509930795,0.5409652060923875,7.04416529433427E-5,false,0.49996477917352833,9.003724003485441E-4
0.45,13.383333333333335,25137,0.0,0.4919237129320684,0.5411160842252752,6.413974278829393E-5,false,0.49996793012860585,8.584035576500005E-4
0.45,13.984848484848486,25805,0.0,0.4918543114121221,0.5410397425533343,6.209712656835009E-5,false,0.4999689514367158,8.684189064028354E-4
0.45,14.586363636363638,26452,0.0,0.49166466639029505,0.5408311330293246,5.662052599864076E-5,false,0.4999716897370007,8.258875814983555E-4
0.45,15.18787878787879,27083,0.0,0.49172757971679837,0.5409003376884782,5.167303924991096E-5,false,0.49997416348037504,7.848038567289507E-4
0.45,15.78939393939394,27697,0.0,0.4918425565568068,0.5410268122124875,5.015819558806811E-5,false,0.49997492090220597,7.919675094291785E-4
0.45,16.39090909090909,28271,0.0,0.49173548659275973,0.5409090352520357,4.585349095231894E-5,false,0.49997707325452384,7.515804017002823E-4
0.45,16.992424242424242,28853,0.0,0.4917412781877841,0.5409154060065626,4.4565847821642635E-5,false,0.4999777170760892,7.572817929086699E-4
0.45,17.593939393939394,29451,0.0,0.49166621068500416,0.5408328317535046,4.080450813970238E-5,false,0.49997959774593015,7.179120432094303E-4
0.45,18.195454545454545,29993,0.0,0.49184864384014376,0.5410335082241582,3.7374464973871646E-5,false,0.49998131276751306,6.800453785927646E-4
0.45,18.796969696969697,30524,0.0,0.49180344511248286,0.5409837896237312,3.640908169322277E-5,false,0.4999817954591534,6.843804052820025E-4
0.45,19.39848484848485,31074,0.0,0.49175095453194384,0.5409260499851383,3.338257061424876E-5,false,0.4999833087146929,6.475712902639802E-4
0.45,20.0,31613,0.0,0.49199253063973486,0.5411917837037084,3.256195377254745E-5,false,0.4999837190231137,6.512390754509489E-4
0.5,0.15,39,0.0,0.5,0.55,0.9986271473423132,false,6.864263288434109E-4,0.14979407210134696
0.5,0.7515151515151516,7128,0.0,0.49978899539953137,0.5497678949394845,0.005087888208767821,false,0.4974560558956161,0.0038236250781043023
0.5,1.353030303030303,4700,0.0,0.49207746838599914,0.541285215224599,0.0020769065915290374,false,0.4989615467042355,0.002810117554902167
0.5,1.9545454545454546,5806,0.0,0.491898021223919,0.541087823346311,0.001240387914851926,false,0.49937980604257404,0.002424394560846946
0.5,2.556060606060606,7012,0.0,0.49167478594598235,0.5408422645405806,8.703608516681394E-4,false,0.49956481957416593,0.00222469508600629
0.5,3.1575757575757577,8258,0.0,0.4916782221844002,0.5408460444028402,6.233009989788929E-4,false,0.49968834950051055,0.0019681201240485044
0.5,3.7590909090909093,9398,0.0,0.4918284701254279,0.5410113171379708,4.8017633165275964E-4,false,0.4997599118341736,0.0018050264830765102
0.5,4.360606060606061,10521,0.0,0.49192849651027687,0.5411213461613046,3.964348790340688E-4,false,0.49980178256048297,0.0017286963361515912
0.5,4.962121212121213,11469,0.0,0.4918540455349041,0.5410394500883945,3.295606730224776E-4,false,0.49983521966348876,0.0016353200062857792
0.5,5.563636363636364,12415,0.0,0.4917855765524334,0.5409641342076768,2.751174006995205E-4,false,0.49986244129965024,0.001530653174800969
0.5,6.165151515151516,13291,0.0,0.49155341419125054,0.5407087556103757,2.306737034798445E-4,false,0.4998846631482601,0.0014221383325143748
0.5,6.7666666666666675,14127,0.0,0.49173550855362774,0.5409090594089906,2.0621351510297092E-4,false,0.4998968932424485,0.0013953781188634367
0.5,7.368181818181819,15027,0.0,0.49181361993011097,0.5409949819231221,1.7387629472465083E-4,false,0.4999130618526377,0.0012811521534029956
0.5,7.969696969696971,15896,0.0,0.4917003238954912,0.5408703562850403,1.562750695534021E-4,false,0.4999218624652233,0.001245464948258932
0.5,8.571212121212122,16697,0.0,0.49185282873730896,0.5410381116110399,1.407221960346705E-4,false,0.49992963890198266,0.0012061597923759563
0.5,9.172727272727274,17436,0.0,0.4918360879786469,0.5410196967765116,1.2691790189089946E-4,false,0.49993654104905455,0.001164183300071978
0.5,9.774242424242425,18246,0.0,0.491785970945323,0.5409645680398554,1.1464274543637742E-4,false,0.4999426786272818,0.001120545986075865
0.5,10.375757575757577,18992,0.0,0.4916126112191078,0.5407738723410186,1.0373910155347943E-4,false,0.49994813044922326,0.0010763717688457989
0.5,10.977272727272728,19749,0.0,0.4918672480249734,0.5410539728274708,9.399565732581827E-5,false,0.4999530021713371,0.0010318159656447778
0.5,11.57878787878788,20462,0.0,0.49198899378809396,0.5411878931669034,8.526425155341855E-5,false,0.4999573678742233,9.872566823806433E-4
0.5,12.180303030303032,21165,0.0,0.4919143206186542,0.5411057526805196,7.746375782946568E-5,false,0.49996126812108527,9.435320442289011E-4
0.5,12.781818181818183,21799,0.0,0.4918246975425189,0.5410071672967708,7.044573139436405E-5,false,0.4999647771343028,9.004245303679625E-4
0.5,13.383333333333335,22434,0.0,0.4916980350786529,0.5408678385865182,6.414331489901226E-5,false,0.4999679283425505,8.584513643984475E-4
0.5,13.984848484848486,23029,0.0,0.49194009193091637,0.5411341011240081,6.208720493494635E-5,false,0.4999689563975325,8.682801538629619E-4
0.5,14.586363636363638,23596,0.0,0.4916628929315817,0.54082918222474,5.6620539491625266E-5,false,0.4999716897302542,8.258877783119341E-4
0.5,15.18787878787879,24189,0.0,0.49184013424639234,0.5410241476710316,5.166283250501724E-5,false,0.4999741685837475,7.846488379246862E-4
0.5,15.78939393939394,24717,0.0,0.4916908558795999,0.5408599414675599,5.015415287590308E-5,false,0.49997492292356205,7.919036774542212E-4
0.5,16.39090909090909,25240,0.0,0.49165609089145357,0.5408216999805989,4.585223315867193E-5,false,0.49997707388342066,7.51559785318959E-4
0.5,16.992424242424242,25755,0.0,0.4918989133252662,0.5410888046577929,4.458521920791547E-5,false,0.49997770739039604,7.576109597223818E-4
0.5,17.593939393939394,26270,0.0,0.4919104117793289,0.5411014529572619,4.081187876303627E-5,false,0.4999795940606185,7.180417215096623E-4
0.5,18.195454545454545,26774,0.0,0.491751651339288,0.5409268164732168,3.737670655290515E-5,false,0.49998131164672355,6.800861651421787E-4
0.5,18.796969696969697,27240,0.0,0.4917145806864165,0.5408860387550581,3.640548242955788E-5,false,0.4999817972587852,6.843127500319622E-4
0.5,19.39848484848485,27737,0.0,0.49188660470695245,0.5410752651776477,3.339895832155104E-5,false,0.4999833005208392,6.478891869557849E-4
0.5,20.0,28205,0.0,0.49168385791754776,0.5408522437093026,3.2546582897419185E-5,false,0.4999837267085513,6.509316579483837E-4
0.55,0.15,35,0.0,0.5,0.55,0.9986262579768218,false,6.868710115890941E-4,0.14979393869652327
0.55,0.7515151515151516,6480,0.0,0.49963888085232827,0.5496027689375611,0.005085556189688867,false,0.49745722190515557,0.0038218725304328457
0.55,1.353030303030303,4276,0.0,0.4920001240271662,0.5412001364298828,0.0020766491271240195,false,0.498961675436438,0.0028097691977602263
0.55,1.9545454545454546,5271,0.0,0.4920122424220927,0.541213466664302,0.001240244598606055,false,0.499379877700697,0.002424114442730017
0.55,2.556060606060606,6350,0.0,0.4919679535812567,0.5411647489393825,8.704076795006399E-4,false,0.4995647961602497,0.0022248147807842115
0.55,3.1575757575757577,7451,0.0,0.49182757455654635,0.5410103320122011,6.232664538822208E-4,false,0.4996883667730589,0.0019680110452887094
0.55,3.7590909090909093,8493,0.0,0.49186226510045905,0.541048491610505,4.801714784675726E-4,false,0.4997599142607662,0.0018050082395121934
0.55,4.360606060606061,9504,0.0,0.492038507127787,0.5412423578405657,3.9669832276456596E-4,false,0.4998016508386177,0.0017298451104794258
0.55,4.962121212121213,10323,0.0,0.4919738983754843,0.5411712882130327,3.29388356936855E-4,false,0.4998353058215316,0.0016344649529821216
0.55,5.563636363636364,11233,0.0,0.49189558379129067,0.5410851421704198,2.752495279416678E-4,false,0.49986237523602917,0.0015313882827300066
0.55,6.165151515151516,11996,0.0,0.4916428063804026,0.5408070870184429,2.306860789307308E-4,false,0.49988465696053463,0.001422214629044157
0.55,6.7666666666666675,12770,0.0,0.49177570031538814,0.540953270346927,2.0622540336778794E-4,false,0.4998968872983161,0.0013954585627886985
0.55,7.368181818181819,13556,0.0,0.49184975069178083,0.5410347257609589,1.739178745709946E-4,false,0.4999130410627145,0.0012814585212708287
0.55,7.969696969696971,14339,0.0,0.491693177944707,0.5408624957391778,1.5624836927863317E-4,false,0.4999218758153607,0.001245252155160016
0.55,8.571212121212122,15057,0.0,0.4918366251477506,0.5410202876625257,1.406983490177538E-4,false,0.4999296508254911,0.001205955394535505
0.55,9.172727272727274,15733,0.0,0.49178533380517897,0.5409638671856969,1.268684568606071E-4,false,0.4999365657715697,0.0011637297542941144
0.55,9.774242424242425,16437,0.0,0.4916031435981365,0.5407634579579502,1.146278311532356E-4,false,0.4999426860844234,0.001120400210256853
0.55,10.375757575757577,17134,0.0,0.491739704749964,0.5409136752249604,1.0375919009530943E-4,false,0.49994812040495235,0.0010765802026858774
0.55,10.977272727272728,17823,0.0,0.49202238524486,0.5412246237693461,9.39592737412287E-5,false,0.4999530203631294,0.0010314165731139424
0.55,11.57878787878788,18436,0.0,0.49177168820059153,0.5409488570206508,8.526626591986997E-5,false,0.49995736686704007,9.872800063024944E-4
0.55,12.180303030303032,19077,0.0,0.4920089461998435,0.5412098408198278,7.74884006798926E-5,false,0.49996125579966005,9.438322016146313E-4
0.55,12.781818181818183,19656,0.0,0.4917557546056849,0.5409313300662534,7.044188633442694E-5,false,0.4999647790568328,9.003753835109481E-4
0.55,13.383333333333335,20223,0.0,0.4920956217312828,0.5413051839044111,6.411475208689676E-5,false,0.49996794262395655,8.580690987629684E-4
0.55,13.984848484848486,20770,0.0,0.49182703565917396,0.5410097392250914,6.206690889132283E-5,false,0.49996896654555434,8.679963167680451E-4
0.55,14.586363636363638,21292,0.0,0.491972488772937,0.5411697376502307,5.660138457663777E-5,false,0.4999716993077117,8.256083777565029E-4
0.55,15.18787878787879,21819,0.0,0.4917255009996607,0.5408980510996269,5.168417087109134E-5,false,0.49997415791456445,7.84972922442151E-4
0.55,15.78939393939394,22286,0.0,0.4916904851106646,0.5408595336217311,5.015645926120804E-5,false,0.4999749217703694,7.919400938803773E-4
0.55,16.39090909090909,22745,0.0,0.49177730807955594,0.5409550388875116,4.585710744542393E-5,false,0.4999770714462773,7.51639679309994E-4
0.55,16.992424242424242,23214,0.0,0.49160115489762896,0.5407612703873919,4.4567566443554085E-5,false,0.4999777162167782,7.573109964613016E-4
0.55,17.593939393939394,23691,0.0,0.49179482402969493,0.5409743064326644,4.079911036991568E-5,false,0.49997960044481504,7.178170751749408E-4
0.55,18.195454545454545,24130,0.0,0.4918366210392659,0.5410202831431925,3.7383619979514116E-5,false,0.49998130819001024,6.802119580817954E-4
0.55,18.796969696969697,24596,0.0,0.49164822307081096,0.5408130453778921,3.64008957843831E-5,false,0.4999817995521078,6.842265350016012E-4
0.55,19.39848484848485,24997,0.0,0.49179091996264274,0.540970011958907,3.33843332797068E-5,false,0.49998330783336015,6.476054833031608E-4
0.55,20.0,25431,0.0,0.49166163858742984,0.5408278024461729,3.255189736073305E-5,false,0.49998372405131963,6.51037947214661E-4
0.6000000000000001,0.15,32,0.0,0.5,0.55,0.9986232504453336,false,6.883747773331848E-4,0.14979348756680003
0.6000000000000001,0.7515151515151516,5940,0.0,0.4996667891396452,0.5496334680536098,0.005084732226612654,false,0.4974576338866937,0.0038212533096967827
0.6000000000000001,1.353030303030303,3920,0.0,0.49192438186789106,0.5411168200546802,0.0020766583246700776,false,0.49896167083766496,0.0028097816423187567
0.6000000000000001,1.9545454545454546,4810,0.0,0.4925061453615069,0.5417567598976576,0.001241628241772319,false,0.49937918587911384,0.002426818836191351
0.6000000000000001,2.556060606060606,5801,0.0,0.491930272923314,0.5411233002156455,8.702389189799709E-4,false,0.49956488054051,0.002224383418665471
0.6000000000000001,3.1575757575757577,6787,0.0,0.4917785755655148,0.5409564331220663,6.232239985568544E-4,false,0.4996883880007216,0.0019678769893825524
0.6000000000000001,3.7590909090909093,7715,0.0,0.49176025829197556,0.5409362841211731,4.8013145375880306E-4,false,0.4997599342731206,0.0018048577829933188
0.6000000000000001,4.360606060606061,8658,0.0,0.4917618927070048,0.5409380819777053,3.9648766713207273E-4,false,0.49980175616643396,0.001728926524251675
0.6000000000000001,4.962121212121213,9462,0.0,0.4916386280235423,0.5408024908258966,3.294260119733883E-4,false,0.4998352869940133,0.0016346518018376466
0.6000000000000001,5.563636363636364,10210,0.0,0.49182139300756567,0.5410035323083223,2.7519452989976934E-4,false,0.4998624027350501,0.0015310822936241714
0.6000000000000001,6.165151515151516,10899,0.0,0.49170007498118834,0.5408700824793072,2.3065591262261265E-4,false,0.4998846720436887,0.001422028649183956
0.6000000000000001,6.7666666666666675,11616,0.0,0.4920721961223331,0.5412794157345665,2.0616362014902467E-4,false,0.4998969181899255,0.0013950404963417337
0.6000000000000001,7.368181818181819,12328,0.0,0.4917273387920081,0.540900072671209,1.739095574246896E-4,false,0.49991304522128766,0.001281397239024645
0.6000000000000001,7.969696969696971,13022,0.0,0.4919551808657726,0.5411506989523499,1.5633590556385357E-4,false,0.4999218320472181,0.0012459497928270756
0.6000000000000001,8.571212121212122,13681,0.0,0.4919578410802108,0.541153625188232,1.407062274200177E-4,false,0.49992964688629,0.0012060229219924851
0.6000000000000001,9.172727272727274,14301,0.0,0.4919640395635825,0.5411604435199407,1.2694404901048006E-4,false,0.49993652797549476,0.0011644231404688583
0.6000000000000001,9.774242424242425,14954,0.0,0.4916579817497035,0.5408237799246739,1.1464800554983334E-4,false,0.4999426759972251,0.001120597399699962
0.6000000000000001,10.375757575757577,15573,0.0,0.49159486890214704,0.5407543557923618,1.0375522250694047E-4,false,0.49994812238874653,0.0010765390359508006
0.6000000000000001,10.977272727272728,16191,0.0,0.49176208865371906,0.5409382975190911,9.403054019507806E-5,false,0.49995298472990246,0.0010321988844141524
0.6000000000000001,11.57878787878788,16763,0.0,0.49166048540353485,0.5408265339438884,8.52960241675138E-5,false,0.49995735198791624,9.87624570739607E-4
0.6000000000000001,12.180303030303032,17341,0.0,0.4918254837739158,0.5410080321513074,7.745153400040561E-5,false,0.4999612742329998,9.433831542867587E-4
0.6000000000000001,12.781818181818183,17859,0.0,0.49173139062377114,0.5409045296861483,7.046450891123879E-5,false,0.4999647677455444,9.006645411745613E-4
0.6000000000000001,13.383333333333335,18380,0.0,0.4917184624840869,0.5408903087324957,6.414781419195048E-5,false,0.499967926092904,8.58511579935604E-4
0.6000000000000001,13.984848484848486,18867,0.0,0.49163318230074654,0.5407965005308213,6.207401416458147E-5,false,0.4999689629929177,8.680956829380107E-4
0.6000000000000001,14.586363636363638,19338,0.0,0.4917998965507236,0.540979886205796,5.663920851495252E-5,false,0.4999716803957425,8.261600914749212E-4
0.6000000000000001,15.18787878787879,19817,0.0,0.4918216628742115,0.5410038291616327,5.168904213515013E-5,false,0.4999741554789324,7.850469066102197E-4
0.6000000000000001,15.78939393939394,20253,0.0,0.4917603944329354,0.540936433876229,5.015515285511363E-5,false,0.49997492242357244,7.919194665199079E-4
0.6000000000000001,16.39090909090909,20675,0.0,0.4916280376226492,0.5407908413849142,4.5859723393659735E-5,false,0.49997707013830317,7.516825570797137E-4
0.6000000000000001,16.992424242424242,21112,0.0,0.49156405148495247,0.5407204566334478,4.4553200002850346E-5,false,0.4999777233999986,7.5706687580601E-4
0.6000000000000001,17.593939393939394,21532,0.0,0.4919962797761115,0.5411959077537227,4.078639676297069E-5,false,0.4999796068016185,7.175933927448722E-4
0.6000000000000001,18.195454545454545,21924,0.0,0.4917491528341366,0.5409240681175503,3.7383294760551244E-5,false,0.4999813083526197,6.802060405749393E-4
0.6000000000000001,18.796969696969697,22340,0.0,0.4918003582368954,0.540980394060585,3.6388274458065695E-5,false,0.49998180586277097,6.839892923132773E-4
0.6000000000000001,19.39848484848485,22777,0.0,0.49170069761539553,0.5408707673769352,3.3393873300702204E-5,false,0.49998330306334965,6.477905452558944E-4
0.6000000000000001,20.0,23106,0.0,0.4916457228328667,0.5408102951161534,3.2551553071469286E-5,false,0.49998372422346427,6.510310614293857E-4
0.6500000000000001,0.15,29,0.0,0.5,0.55,0.9986232597824243,false,6.883701087878479E-4,0.14979348896736364
0.6500000000000001,0.7515151515151516,5482,0.0,0.4994793377732311,0.5494272715505543,0.005089840106263677,false,0.49745507994686816,0.003825091958646642
0.6500000000000001,1.353030303030303,3609,0.0,0.49205218798193257,0.5412574067801259,0.002076490238096751,false,0.4989617548809516,0.002809554216091513
0.6500000000000001,1.9545454545454546,4412,0.0,0.49180927698552956,0.5409902046840825,0.001240180837452809,false,0.4993799095812736,0.0024239898186577628
0.6500000000000001,2.556060606060606,5333,0.0,0.4923130245976776,0.5415443270574454,8.702730934488923E-4,false,0.49956486345327555,0.002224470770679214
0.6500000000000001,3.1575757575757577,6206,0.0,0.49168160768776276,0.5408497684565391,6.232493657378768E-4,false,0.49968837531713106,0.0019679570881783867
0.6500000000000001,3.7590909090909093,7093,0.0,0.4917553695507392,0.5409309065058131,4.801480952996151E-4,false,0.4997599259523502,0.0018049203400580987
0.6500000000000001,4.360606060606061,7940,0.0,0.4917415516670283,0.5409157068337312,3.966066262904855E-4,false,0.49980169668685476,0.0017294452582788142
0.6500000000000001,4.962121212121213,8650,0.0,0.49218248280360305,0.5414007310839634,3.2927262631554655E-4,false,0.4998353636868422,0.001633890683611235
0.6500000000000001,5.563636363636364,9325,0.0,0.49191873875198566,0.5411106126271843,2.7503572020881606E-4,false,0.4998624821398956,0.001530198734252686
0.6500000000000001,6.165151515151516,10004,0.0,0.4916422304396802,0.5408064534836483,2.3068593787167746E-4,false,0.49988465703106416,0.0014222137593937207
0.6500000000000001,6.7666666666666675,10631,0.0,0.49163720617204965,0.5408009267892546,2.061663983746742E-4,false,0.49989691680081266,0.001395059295668629
0.6500000000000001,7.368181818181819,11290,0.0,0.49193590673971394,0.5411294974136853,1.738959593353684E-4,false,0.4999130520203323,0.0012812970458301464
0.6500000000000001,7.969696969696971,11921,0.0,0.49156507657564474,0.5407215842332093,1.5625047026845973E-4,false,0.49992187476486577,0.00124526889941227
0.6500000000000001,8.571212121212122,12538,0.0,0.4916200264464149,0.5407820290910564,1.4070019108747278E-4,false,0.49992964990445626,0.0012059711833058086
0.6500000000000001,9.172727272727274,13094,0.0,0.4917741487464634,0.5409515636211097,1.268607314192094E-4,false,0.4999365696342904,0.0011636588909271117
0.6500000000000001,9.774242424242425,13687,0.0,0.4919985225126493,0.5411983747639143,1.1467135958209695E-4,false,0.49994266432020895,0.0011208256676728903
0.6500000000000001,10.375757575757577,14253,0.0,0.4920252832351257,0.5412278115586383,1.0378405122768442E-4,false,0.49994810797438616,0.001076838155768459
0.6500000000000001,10.977272727272728,14821,0.0,0.4918929108053452,0.5410822018858797,9.398272041638567E-5,false,0.4999530086397918,0.0010316739536616881
0.6500000000000001,11.57878787878788,15348,0.0,0.49176503225572166,0.5409415354812939,8.531021444269093E-5,false,0.49995734489277865,9.877888769258246E-4
0.6500000000000001,12.180303030303032,15878,0.0,0.49166394169987293,0.5408303358698603,7.747941778390999E-5,false,0.49996126029110805,9.437227872194734E-4
0.6500000000000001,12.781818181818183,16393,0.0,0.49205922606365704,0.5412651486700227,7.04368884862916E-5,false,0.49996478155575685,9.003115019247817E-4
0.6500000000000001,13.383333333333335,16826,0.0,0.4918175229843542,0.5409992752827897,6.41260677176625E-5,false,0.49996793696614117,8.582205396213831E-4
0.6500000000000001,13.984848484848486,17266,0.0,0.49176895823608746,0.5409458540596962,6.206367671002244E-5,false,0.499968968161645,8.679511152022836E-4
0.6500000000000001,14.586363636363638,17693,0.0,0.491765343211965,0.5409418775331616,5.663023995627903E-5,false,0.49997168488002186,8.260292728168155E-4
0.6500000000000001,15.18787878787879,18129,0.0,0.491624978349444,0.5407874761843885,5.169021470885493E-5,false,0.4999741548926456,7.85064715517518E-4
0.6500000000000001,15.78939393939394,18533,0.0,0.49170566718622244,0.5408762339048447,5.015844575328998E-5,false,0.49997492077712336,7.919714593864166E-4
0.6500000000000001,16.39090909090909,18913,0.0,0.4916130122090844,0.5407743134299928,4.58474630330441E-5,false,0.4999770762684835,7.51481598623441E-4
0.6500000000000001,16.992424242424242,19314,0.0,0.4920743321917628,0.5412817654109391,4.4583195286995725E-5,false,0.4999777084023565,7.575765683994804E-4
0.6500000000000001,17.593939393939394,19700,0.0,0.49172870267881674,0.5409015729466985,4.07996159879076E-5,false,0.49997960019200605,7.17825970987247E-4
0.6500000000000001,18.195454545454545,20068,0.0,0.4916943614122817,0.5408637975535099,3.737938694758913E-5,false,0.4999813103065262,6.80134936141815E-4
0.6500000000000001,18.796969696969697,20427,0.0,0.4918041735935909,0.54098459095295,3.639524764476043E-5,false,0.4999818023761776,6.841203670922695E-4
0.6500000000000001,19.39848484848485,20795,0.0,0.49199585931377143,0.5411954452451486,3.338540385255939E-5,false,0.4999833072980737,6.47626250794421E-4
0.6500000000000001,20.0,21149,0.0,0.49244023384468905,0.541684257229158,3.2560317610230705E-5,false,0.4999837198411949,6.512063522046141E-4
0.7000000000000002,0.15,26,0.0,0.5,0.55,0.9986264221062126,false,6.867889468936992E-4,0.14979396331593187
0.7000000000000002,0.7515151515151516,5091,0.0,0.49962166071486924,0.5495838267863562,0.0050829430891270455,false,0.4974585284554365,0.003819908745768204
0.7000000000000002,1.353030303030303,3334,0.0,0.4921334510709379,0.5413467961780317,0.002076193981759844,false,0.4989619030091201,0.0028091533722902134
0.7000000000000002,1.9545454545454546,4074,0.0,0.4918255219897109,0.541008074188682,0.0012402258063041183,false,0.49937988709684794,0.0024240777123216858
0.7000000000000002,2.556060606060606,4907,0.0,0.4922691288224476,0.5414960417046925,8.701351094426713E-4,false,0.49956493244527866,0.002224118075196646
0.7000000000000002,3.1575757575757577,5734,0.0,0.49190308770207725,0.541093396472285,6.231961602546354E-4,false,0.4996884019198727,0.0019677890878343337
0.7000000000000002,3.7590909090909093,6525,0.0,0.49177107255545166,0.5409481798109969,4.801240479659352E-4,false,0.49975993797601703,0.0018048299439446748
0.7000000000000002,4.360606060606061,7296,0.0,0.4917709898248879,0.5409480888073768,3.965513589456737E-4,false,0.49980172432052716,0.0017292042591600745
0.7000000000000002,4.962121212121213,7948,0.0,0.4917125139968384,0.5408837653965223,3.294726019624772E-4,false,0.49983526369901876,0.0016348829870107772
0.7000000000000002,5.563636363636364,8606,0.0,0.49183826809505155,0.5410220949045568,2.751187927324539E-4,false,0.4998624406036338,0.0015306609195660163
0.7000000000000002,6.165151515151516,9200,0.0,0.49195160532817694,0.5411467658609946,2.3054408769218604E-4,false,0.4998847279561539,0.0014213392315447046
0.7000000000000002,6.7666666666666675,9795,0.0,0.4923048150762422,0.5415352965838665,2.060239585571777E-4,false,0.4998969880207214,0.0013940954529035692
0.7000000000000002,7.368181818181819,10370,0.0,0.49207573581390696,0.5412833093952977,1.738219170986932E-4,false,0.49991308904145065,0.0012807514891680987
0.7000000000000002,7.969696969696971,10981,0.0,0.49190372945638855,0.5410941024020275,1.562563771551062E-4,false,0.49992187181142245,0.001245315975508877
0.7000000000000002,8.571212121212122,11547,0.0,0.4919149367254492,0.5411064303979942,1.406437671592764E-4,false,0.49992967811642036,0.0012054875618485253
0.7000000000000002,9.172727272727274,12060,0.0,0.49189511101753686,0.5410846221192905,1.2696471580020408E-4,false,0.4999365176420999,0.0011646127112945994
0.7000000000000002,9.774242424242425,12605,0.0,0.49201136320464844,0.5412124995251133,1.145921744881706E-4,false,0.4999427039127559,0.0011200516933684676
0.7000000000000002,10.375757575757577,13132,0.0,0.4918927253664587,0.5410819979031046,1.03746215149636E-4,false,0.4999481268924252,0.0010764455777950111
0.7000000000000002,10.977272727272728,13656,0.0,0.4914373834831697,0.5405811218314867,9.398457806275573E-5,false,0.4999530077109686,0.0010316943455525233
0.7000000000000002,11.57878787878788,14144,0.0,0.49205934459362477,0.5412652790529873,8.528349125480617E-5,false,0.4999573582543726,9.874794548018618E-4
0.7000000000000002,12.180303030303032,14612,0.0,0.4917862699184357,0.5409648969102794,7.744909693807589E-5,false,0.49996127545153096,9.43353470129079E-4
0.7000000000000002,12.781818181818183,15045,0.0,0.4918898207589971,0.5410788028348968,7.047089599088174E-5,false,0.49996476455200456,9.007461796652704E-4
0.7000000000000002,13.383333333333335,15488,0.0,0.49189775396586255,0.5410875293624489,6.411424936980659E-5,false,0.4999679428753151,8.580623707325782E-4
0.7000000000000002,13.984848484848486,15894,0.0,0.4916567819572749,0.5408224601530024,6.208942004981566E-5,false,0.4999689552899751,8.683111319087857E-4
0.7000000000000002,14.586363636363638,16298,0.0,0.4916145209733037,0.5407759730706341,5.6605569815459944E-5,false,0.49997169721509227,8.256694251718681E-4
0.7000000000000002,15.18787878787879,16696,0.0,0.49196327211564933,0.5411595993272144,5.166333854500493E-5,false,0.4999741683307275,7.84656523598681E-4
0.7000000000000002,15.78939393939394,17058,0.0,0.4916253749491532,0.5407879124440685,5.015778178263375E-5,false,0.4999749211091087,7.919609756921612E-4
0.7000000000000002,16.39090909090909,17414,0.0,0.4917270418145252,0.5408997459959778,4.586695475328195E-5,false,0.49997706652262336,7.518010856378851E-4
0.7000000000000002,16.992424242424242,17784,0.0,0.4920632557929177,0.5412695813722095,4.454372938622608E-5,false,0.4999777281353069,7.569059470704932E-4
0.7000000000000002,17.593939393939394,18139,0.0,0.49164488776058507,0.5408093765366436,4.081610178841011E-5,false,0.4999795919491058,7.181160211621487E-4
0.7000000000000002,18.195454545454545,18468,0.0,0.4916614154334669,0.5408275569768136,3.738744947345829E-5,false,0.49998130627526327,6.802816374647888E-4
0.7000000000000002,18.796969696969697,18795,0.0,0.49209605829963243,0.5413056641295957,3.640835134377518E-5,false,0.4999817958243281,6.843666769255681E-4
0.7000000000000002,19.39848484848485,19145,0.0,0.49195584371324974,0.5411514280845747,3.339352518838545E-5,false,0.4999833032374058,6.477837924043924E-4
0.7000000000000002,20.0,19522,0.0,0.49181007369226276,0.5409910810614891,3.2546233664443314E-5,false,0.4999837268831678,6.509246732888663E-4
0.7500000000000002,0.15,24,0.0,0.5,0.55,0.9986246721478449,false,6.876639260775548E-4,0.14979370082217672
0.7500000000000002,0.7515151515151516,4751,0.0,0.49942615677475327,0.5493687724522286,0.005086226841195529,false,0.49745688657940224,0.0038223765352014888
0.7500000000000002,1.353030303030303,3118,0.0,0.4922510090989659,0.5414761100088625,0.002075776423099418,false,0.4989621117884503,0.002808588402769364
0.7500000000000002,1.9545454545454546,3799,0.0,0.4920284178849032,0.5412312596733936,0.0012399719423044075,false,0.4993800140288478,0.0024235815235949783
0.7500000000000002,2.556060606060606,4549,0.0,0.491934185920504,0.5411276045125544,8.702965897552373E-4,false,0.4995648517051224,0.0022245308286622505
0.7500000000000002,3.1575757575757577,5322,0.0,0.4919517106684334,0.5411468817352768,6.231068994548838E-4,false,0.49968844655027256,0.0019675072400969365
0.7500000000000002,3.7590909090909093,6054,0.0,0.4917036981746272,0.54087406799209,4.80077333434914E-4,false,0.49975996133328254,0.0018046543397757903
0.7500000000000002,4.360606060606061,6745,0.0,0.49189270462102064,0.5410819750831227,3.965049740533022E-4,false,0.49980174751297335,0.0017290019929172788
0.7500000000000002,4.962121212121213,7371,0.0,0.49157165289613713,0.5407288181857509,3.2943873365665066E-4,false,0.4998352806331717,0.0016347149283720169
0.7500000000000002,5.563636363636364,7960,0.0,0.4914390060196602,0.5405829066216262,2.751228513688808E-4,false,0.49986243857431556,0.001530683500343228
0.7500000000000002,6.165151515151516,8522,0.0,0.4919661748278802,0.5411627923106682,2.3061100830656933E-4,false,0.4998846944958467,0.0014217518072718648
0.7500000000000002,6.7666666666666675,9071,0.0,0.4919610306525041,0.5411571337177545,2.0618566974728303E-4,false,0.49989690716512636,0.001395189698623282
0.7500000000000002,7.368181818181819,9622,0.0,0.4919580510113415,0.5411538561124757,1.740038507488384E-4,false,0.4999129980746256,0.001282092009381214
0.7500000000000002,7.969696969696971,10161,0.0,0.4916435006732299,0.5408078507405529,1.5620149736494948E-4,false,0.4999218992513175,0.0012448786002115671
0.7500000000000002,8.571212121212122,10685,0.0,0.4916941503199722,0.5408635653519694,1.4066949658819716E-4,false,0.4999296652517059,0.0012057080942415627
0.7500000000000002,9.172727272727274,11161,0.0,0.49179087768825,0.5409699654570751,1.2686181232723914E-4,false,0.4999365690938364,0.0011636688058016755
0.7500000000000002,9.774242424242425,11664,0.0,0.49135282466072444,0.540488107126797,1.1463364603092607E-4,false,0.49994268317698454,0.001120457046281067
0.7500000000000002,10.375757575757577,12146,0.0,0.49198234835587457,0.5411805831914621,1.0368321600817687E-4,false,0.4999481583919959,0.0010757919139757505
0.7500000000000002,10.977272727272728,12631,0.0,0.4919846438635794,0.5411831082499373,9.402955984860739E-5,false,0.4999529852200757,0.0010321881228835767
0.7500000000000002,11.57878787878788,13075,0.0,0.49192892231265345,0.5411218145439188,8.531240276588026E-5,false,0.49995734379861706,9.878142150558438E-4
0.7500000000000002,12.180303030303032,13533,0.0,0.49197518009116187,0.5411726981002781,7.744502003992348E-5,false,0.49996127748998004,9.43303812274159E-4
0.7500000000000002,12.781818181818183,13962,0.0,0.4916698327550537,0.5408368160305591,7.046079472572409E-5,false,0.49996476960263714,9.006170671306188E-4
0.7500000000000002,13.383333333333335,14366,0.0,0.4916015260342534,0.5407616786376788,6.413421968864963E-5,false,0.4999679328901557,8.583296401664276E-4
0.7500000000000002,13.984848484848486,14766,0.0,0.49212546369694704,0.5413380100666418,6.20495958214562E-5,false,0.49996897520208927,8.677541961091526E-4
0.7500000000000002,14.586363636363638,15078,0.0,0.49224231524381296,0.5414665467681943,5.660645149341281E-5,false,0.4999716967742533,8.256822856470987E-4
0.7500000000000002,15.18787878787879,15447,0.0,0.4918140284697265,0.5409954313166991,5.166038414039509E-5,false,0.4999741698079298,7.846116524595763E-4
0.7500000000000002,15.78939393939394,15779,0.0,0.4917655086854755,0.5409420595540231,5.014718957541131E-5,false,0.4999749264052123,7.917937311596383E-4
0.7500000000000002,16.39090909090909,16118,0.0,0.4918937084370052,0.5410830792807058,4.5863341571750205E-5,false,0.4999770683292141,7.517418623078692E-4
0.7500000000000002,16.992424242424242,16447,0.0,0.4917570302742621,0.5409327333016883,4.455145602866306E-5,false,0.49997772427198567,7.570372414567518E-4
0.7500000000000002,17.593939393939394,16781,0.0,0.4921749603287209,0.541392456361593,4.0805673574895174E-5,false,0.49997959716321255,7.179325478055799E-4
0.7500000000000002,18.195454545454545,17087,0.0,0.491971725960357,0.5411688985563927,3.7393393682916276E-5,false,0.49998130330315854,6.803897950577902E-4
0.7500000000000002,18.796969696969697,17401,0.0,0.49176455369528804,0.5409410090648169,3.6402424314241344E-5,false,0.4999817987878429,6.842552667310274E-4
0.7500000000000002,19.39848484848485,17716,0.0,0.4917413522977566,0.5409154875275323,3.337735096964334E-5,false,0.4999833113245152,6.474700370671874E-4
0.7500000000000002,20.0,18011,0.0,0.4918305969715597,0.5410136566687157,3.253994844110153E-5,false,0.49998373002577945,6.507989688220306E-4
0.8000000000000003,0.15,23,0.0,0.5,0.55,0.998616764801461,false,6.916175992694737E-4,0.14979251472021915
0.8000000000000003,0.7515151515151516,4454,0.0,0.4995423851767299,0.5494966236944029,0.005085224455126713,false,0.49745738777243664,0.003821623226883106
0.8000000000000003,1.353030303030303,2921,0.0,0.491941960531094,0.5411361565842034,0.0020759836005609378,false,0.49896200819971953,0.002808868720152905
0.8000000000000003,1.9545454545454546,3551,0.0,0.49225354903972635,0.541478903943699,0.0012399743030013788,false,0.4993800128484993,0.0024235861376845132
0.8000000000000003,2.556060606060606,4237,0.0,0.4915849967990782,0.540743496478986,8.701984315294675E-4,false,0.49956490078423527,0.0022242799302882
0.8000000000000003,3.1575757575757577,4964,0.0,0.4917583482410127,0.540934183065114,6.231574459509837E-4,false,0.4996884212770245,0.0019676668444876515
0.8000000000000003,3.7590909090909093,5641,0.0,0.4917439351007404,0.5409183286108145,4.800546517667037E-4,false,0.49975997267411665,0.001804569077323018
0.8000000000000003,4.360606060606061,6295,0.0,0.4918605335491332,0.5410465869040466,3.963772999615589E-4,false,0.4998018113500192,0.0017284452564990404
0.8000000000000003,4.962121212121213,6825,0.0,0.4920916127340826,0.5413007740074909,3.294444463322055E-4,false,0.4998352777768339,0.0016347432753605654
0.8000000000000003,5.563636363636364,7414,0.0,0.49190483016664804,0.5410953131833129,2.7496312557440117E-4,false,0.4998625184372128,0.0015297948441048504
0.8000000000000003,6.165151515151516,7931,0.0,0.4914991791961965,0.5406490971158162,2.3065002041011695E-4,false,0.49988467498979494,0.0014219923228011605
0.8000000000000003,6.7666666666666675,8418,0.0,0.4915653613838784,0.5407218975222663,2.0616839850662316E-4,false,0.4998969158007467,0.001395072829894817
0.8000000000000003,7.368181818181819,8943,0.0,0.49167731460315506,0.5408450460634706,1.7397990579914868E-4,false,0.4999130100471004,0.001281915578638273
0.8000000000000003,7.969696969696971,9453,0.0,0.4915861607164623,0.5407447767881085,1.5623958478483413E-4,false,0.4999218802076076,0.0012451821454064055
0.8000000000000003,8.571212121212122,9941,0.0,0.4922176617256488,0.5414394278982138,1.407098901928805E-4,false,0.49992964505490356,0.001206054316395644
0.8000000000000003,9.172727272727274,10365,0.0,0.49194715604603834,0.5411418716506422,1.2684946013152842E-4,false,0.49993657526993424,0.0011635555024792018
0.8000000000000003,9.774242424242425,10834,0.0,0.49164384509214903,0.540808229601364,1.1468743248543856E-4,false,0.4999426562837573,0.0011209827681266124
0.8000000000000003,10.375757575757577,11290,0.0,0.49185986032190077,0.5410458463540909,1.0377477107725852E-4,false,0.49994811261446137,0.0010767418671773733
0.8000000000000003,10.977272727272728,11732,0.0,0.49195894722407235,0.5411548419464797,9.398384327174991E-5,false,0.4999530080783641,0.0010316862795512547
0.8000000000000003,11.57878787878788,12155,0.0,0.491668015175113,0.5408348166926243,8.525534100500831E-5,false,0.4999573723294975,9.871535090307175E-4
0.8000000000000003,12.180303030303032,12566,0.0,0.49181686899286076,0.5409985558921468,7.74729725477874E-5,false,0.4999612635137261,9.436442822903984E-4
0.8000000000000003,12.781818181818183,12948,0.0,0.49167064995945975,0.5408377149554058,7.044902010788778E-5,false,0.49996477548994606,9.004665661062749E-4
0.8000000000000003,13.383333333333335,13314,0.0,0.49197058219034895,0.5411676404093839,6.416297803701898E-5,false,0.4999679185109815,8.587145227287708E-4
0.8000000000000003,13.984848484848486,13678,0.0,0.4923062052360018,0.541536825759602,6.205694496308478E-5,false,0.49996897152751846,8.678569727413221E-4
0.8000000000000003,14.586363636363638,14008,0.0,0.49160618259041833,0.5407668008494602,5.663349113593785E-5,false,0.49997168325443203,8.260766957055663E-4
0.8000000000000003,15.18787878787879,14346,0.0,0.49154132370516135,0.5406954560756775,5.1669875934967635E-5,false,0.4999741650620325,7.847558126850237E-4
0.8000000000000003,15.78939393939394,14663,0.0,0.49176916960043915,0.5409460865604832,5.015020407539428E-5,false,0.4999749248979623,7.918413282873997E-4
0.8000000000000003,16.39090909090909,14963,0.0,0.49189534010323677,0.5410848741135604,4.583826139736846E-5,false,0.4999770808693013,7.51330775449594E-4
0.8000000000000003,16.992424242424242,15281,0.0,0.4914897757183372,0.540638753290171,4.4571323898678905E-5,false,0.49997771433805066,7.573748447328544E-4
0.8000000000000003,17.593939393939394,15591,0.0,0.4914998004020868,0.5406497804422955,4.0806290936057366E-5,false,0.49997959685453197,7.179434096204517E-4
0.8000000000000003,18.195454545454545,15882,0.0,0.4913836653396489,0.5405220318736138,3.738182173673721E-5,false,0.49998130908913163,6.801792382370866E-4
0.8000000000000003,18.796969696969697,16155,0.0,0.4915954475989121,0.5407549923588033,3.639910057429141E-5,false,0.49998180044971285,6.84192790491908E-4
0.8000000000000003,19.39848484848485,16444,0.0,0.49168532959422734,0.5408538625536501,3.338707329347823E-5,false,0.49998330646335326,6.476586354187906E-4
0.8000000000000003,20.0,16732,0.0,0.491729759093073,0.5409027350023803,3.254679980924102E-5,false,0.4999837266000954,6.509359961848205E-4
0.8500000000000003,0.15,21,0.0,0.5,0.55,0.9986183034688525,false,6.908482655737245E-4,0.14979274552032787
0.8500000000000003,0.7515151515151516,4192,0.0,0.4993594170597131,0.5492953587656845,0.00508382612538727,false,0.49745808693730637,0.0038205723608971
0.8500000000000003,1.353030303030303,2757,0.0,0.49213225463472304,0.5413454800981954,0.0020756048444999786,false,0.49896219757775,0.002808356251724971
0.8500000000000003,1.9545454545454546,3331,0.0,0.4919265079920971,0.5411191587913068,0.0012397479425282354,false,0.4993801260287359,0.002423143705850642
0.8500000000000003,2.556060606060606,3964,0.0,0.4919292551578775,0.5411221806736652,8.702027636935394E-4,false,0.49956489861815323,0.002224291003562123
0.8500000000000003,3.1575757575757577,4640,0.0,0.4920394438491185,0.5412433882340304,6.230830523961117E-4,false,0.49968845847380194,0.001967431941202268
0.8500000000000003,3.7590909090909093,5274,0.0,0.4917742041431696,0.5409516245574866,4.8005071549261924E-4,false,0.4997599746422537,0.0018045542805108915
0.8500000000000003,4.360606060606061,5894,0.0,0.49186337160699867,0.5410497087676985,3.9640856328038154E-4,false,0.4998017957183598,0.001728581583516573
0.8500000000000003,4.962121212121213,6412,0.0,0.491388023802849,0.540526826183134,3.2940986938989614E-4,false,0.49983529506530505,0.0016345717003816817
0.8500000000000003,5.563636363636364,6912,0.0,0.49166435314140317,0.5408307884555436,2.751550315881479E-4,false,0.4998624224842059,0.0015308625393813322
0.8500000000000003,6.165151515151516,7423,0.0,0.4916574416547412,0.5408231858202154,2.3066237688718072E-4,false,0.4998846688115564,0.0014220685023544522
0.8500000000000003,6.7666666666666675,7875,0.0,0.4918900294957222,0.5410790324452944,2.0629298646746008E-4,false,0.49989685350676627,0.00139591587509648
0.8500000000000003,7.368181818181819,8367,0.0,0.49192769989686863,0.5411204698865555,1.7379885406643147E-4,false,0.4999131005729668,0.0012805815565531157
0.8500000000000003,7.969696969696971,8820,0.0,0.49164238582769804,0.5408066244104679,1.5626620177555672E-4,false,0.4999218668991122,0.0012453942747567097
0.8500000000000003,8.571212121212122,9270,0.0,0.4913747362548525,0.5405122098803378,1.4065884049618838E-4,false,0.4999296705797519,0.0012056167586165724
0.8500000000000003,9.172727272727274,9677,0.0,0.49171811960196543,0.540889931562162,1.2694153174552802E-4,false,0.49993652923412724,0.00116440005028398
0.8500000000000003,9.774242424242425,10117,0.0,0.49233624095474443,0.5415698650502189,1.1459151944759327E-4,false,0.4999427042402762,0.0011200452908430671
0.8500000000000003,10.375757575757577,10537,0.0,0.49161360289526707,0.5407749631847938,1.0376298493774971E-4,false,0.4999481185075311,0.001076619577051076
0.8500000000000003,10.977272727272728,10955,0.0,0.49187540215061937,0.5410629423656813,9.396959121010795E-5,false,0.49995301520439495,0.0010315298307836851
0.8500000000000003,11.57878787878788,11336,0.0,0.49158507791270095,0.5407435857039711,8.53118707049294E-5,false,0.49995734406464754,9.878080544349554E-4
0.8500000000000003,12.180303030303032,11720,0.0,0.49160791763342554,0.5407687093967681,7.746609558134665E-5,false,0.4999612669522093,9.435605187552209E-4
0.8500000000000003,12.781818181818183,12062,0.0,0.49168086246033055,0.5408489487063637,7.041705929922148E-5,false,0.4999647914703504,9.000580488609584E-4
0.8500000000000003,13.383333333333335,12422,0.0,0.49149958815846656,0.5406495469743132,6.413849757180845E-5,false,0.4999679307512141,8.583868925027032E-4
0.8500000000000003,13.984848484848486,12747,0.0,0.4913863770309722,0.5405250147340694,6.207051732032287E-5,false,0.49996896474133984,8.68046780100879E-4
0.8500000000000003,14.586363636363638,13069,0.0,0.4917454957779264,0.5409200453557191,5.6597507810729475E-5,false,0.49997170124609464,8.255518298392314E-4
0.8500000000000003,15.18787878787879,13388,0.0,0.4921029487219076,0.5413132435940984,5.169486081280095E-5,false,0.4999741525695936,7.85135279981086E-4
0.8500000000000003,15.78939393939394,13677,0.0,0.49168679810947397,0.5408554779204214,5.0163974930073074E-5,false,0.49997491801253496,7.920587617368054E-4
0.8500000000000003,16.39090909090909,13966,0.0,0.4920369419431373,0.5412406361374511,4.587619156459777E-5,false,0.4999770619042177,7.519524853724525E-4
0.8500000000000003,16.992424242424242,14259,0.0,0.49174185748302685,0.5409160432313296,4.4565450619038494E-5,false,0.4999777172746905,7.572750434735101E-4
0.8500000000000003,17.593939393939394,14540,0.0,0.49189172713574225,0.5410808998493165,4.081899015218049E-5,false,0.4999795905049239,7.181668388592725E-4
0.8500000000000003,18.195454545454545,14803,0.0,0.4919117290015225,0.5411029019016749,3.7352949912250466E-5,false,0.4999813235250439,6.796539022669937E-4
0.8500000000000003,18.796969696969697,15061,0.0,0.49192802711115696,0.5411208298222727,3.637973328396438E-5,false,0.499981810133358,6.838287441225183E-4
0.8500000000000003,19.39848484848485,15342,0.0,0.4916293285227136,0.540792261374985,3.339523054735061E-5,false,0.4999833023847263,6.478168737844392E-4
0.8500000000000003,20.0,15601,0.0,0.4918205784003482,0.541002636240383,3.254936763541494E-5,false,0.4999837253161823,6.509873527082988E-4
0.9000000000000004,0.15,19,0.0,0.5,0.55,0.9986221413151904,false,6.889293424047939E-4,0.14979332119727856
0.9000000000000004,0.7515151515151516,3959,0.0,0.49960995161111466,0.5495709467722262,0.005081039993752978,false,0.4974594800031235,0.0038184785407598142
0.9000000000000004,1.353030303030303,2596,0.0,0.4921166068674547,0.5413282675542002,0.002075394069521286,false,0.49896230296523936,0.002808071066791679
0.9000000000000004,1.9545454545454546,3119,0.0,0.49238457182789847,0.5416230290106884,0.0012416685503169322,false,0.49937916572484153,0.0024268976210740038
0.9000000000000004,2.556060606060606,3721,0.0,0.49184530407009686,0.5410298344771066,8.700293193973918E-4,false,0.4995649853403013,0.002223847669429394
0.9000000000000004,3.1575757575757577,4356,0.0,0.4923980733398541,0.5416378806738396,6.230145645279572E-4,false,0.499688492717736,0.0019672156855700955
0.9000000000000004,3.7590909090909093,4952,0.0,0.4917923106562766,0.5409715417219043,4.8008594888349077E-4,false,0.49975995702555825,0.0018046867260302132
0.9000000000000004,4.360606060606061,5500,0.0,0.4915447980600786,0.5406992778660865,3.963699981549551E-4,false,0.4998018150009225,0.0017284134161969105
0.9000000000000004,4.962121212121213,5998,0.0,0.4918295350728091,0.54101248858009,3.2946450992088483E-4,false,0.49983526774503956,0.0016348428333195423
0.9000000000000004,5.563636363636364,6464,0.0,0.49152106036534643,0.5406731664018811,2.7511956204040455E-4,false,0.4998624402189798,0.0015306651997157056
0.9000000000000004,6.165151515151516,6931,0.0,0.4915324639252631,0.5406857103177894,2.3062203271428938E-4,false,0.49988468898364286,0.0014218197744158237
0.9000000000000004,6.7666666666666675,7381,0.0,0.49180622601107793,0.5409868486121857,2.0612767339422966E-4,false,0.4998969361633029,0.0013947972566342875
0.9000000000000004,7.368181818181819,7827,0.0,0.4922475628555626,0.5414723191411189,1.737841016993258E-4,false,0.49991310794915034,0.0012804728584300325
0.9000000000000004,7.969696969696971,8272,0.0,0.4917360967814428,0.5409097064595871,1.5627280401808719E-4,false,0.49992186359799096,0.001245446892628998
0.9000000000000004,8.571212121212122,8675,0.0,0.4916478228318408,0.5408126051150249,1.4064521607992653E-4,false,0.49992967739196004,0.0012054999808547642
0.9000000000000004,9.172727272727274,9064,0.0,0.4919284791118882,0.541121327023077,1.2691385014518275E-4,false,0.4999365430749274,0.00116414613451354
0.9000000000000004,9.774242424242425,9474,0.0,0.49153071960779116,0.5406837915685703,1.1467069540993524E-4,false,0.49994266465229503,0.0011208191758931701
0.9000000000000004,10.375757575757577,9861,0.0,0.49179144203959546,0.5409705862435551,1.0374455646400271E-4,false,0.499948127721768,0.0010764283676749859
0.9000000000000004,10.977272727272728,10249,0.0,0.4921335311714517,0.5413468842885969,9.397383609988097E-5,false,0.49995301308195006,0.0010315764280964207
0.9000000000000004,11.57878787878788,10620,0.0,0.4916136211355237,0.5407749832490761,8.531041630244207E-5,false,0.4999573447918488,9.877912142170642E-4
0.9000000000000004,12.180303030303032,10971,0.0,0.4916277370363052,0.5407905107399358,7.749677016521961E-5,false,0.4999612516149174,9.439341444821219E-4
0.9000000000000004,12.781818181818183,11348,0.0,0.4913431791264591,0.5404774970391051,7.044836596781234E-5,false,0.4999647758170161,9.004582050067652E-4
0.9000000000000004,13.383333333333335,11623,0.0,0.49175377683766647,0.5409291545214332,6.41260039959679E-5,false,0.499967936998002,8.58219686812704E-4
0.9000000000000004,13.984848484848486,11930,0.0,0.49165321188120337,0.5408185330693237,6.208673900975903E-5,false,0.4999689566304951,8.68273637969812E-4
0.9000000000000004,14.586363636363638,12236,0.0,0.4919964517200429,0.5411960968920473,5.663192745986034E-5,false,0.49997168403627007,8.260538873576902E-4
0.9000000000000004,15.18787878787879,12526,0.0,0.4917686592715445,0.540945525198699,5.164780993505147E-5,false,0.4999741760950325,7.844206769529636E-4
0.9000000000000004,15.78939393939394,12793,0.0,0.4916839086977969,0.5408522995675766,5.017760492953549E-5,false,0.49997491119753523,7.922739711677112E-4
0.9000000000000004,16.39090909090909,13063,0.0,0.49155868242196765,0.5407145506641644,4.5860273851894284E-5,false,0.49997706986307405,7.516915795905945E-4
0.9000000000000004,16.992424242424242,13409,0.0,0.4917525944563831,0.5409278539020215,4.454439050627368E-5,false,0.49997772780474686,7.569171811028172E-4
0.9000000000000004,17.593939393939394,13609,0.0,0.4920515561391445,0.541256711753059,4.0777586053364345E-5,false,0.4999796112069733,7.174383776540406E-4
0.9000000000000004,18.195454545454545,13922,0.0,0.49197965727919335,0.5411776230071127,3.737008913040629E-5,false,0.4999813149554348,6.799657581318927E-4
0.9000000000000004,18.796969696969697,14094,0.0,0.4919393635519429,0.5411332999071372,3.639959295875794E-5,false,0.4999818002035206,6.842020458278046E-4
0.9000000000000004,19.39848484848485,14344,0.0,0.49183255622503674,0.5410158118475404,3.3397691206582536E-5,false,0.4999833011543967,6.47864606845267E-4
0.9000000000000004,20.0,14585,0.0,0.4915931615104882,0.5407524776615371,3.255853973249678E-5,false,0.49998372073013375,6.511707946499357E-4
0.9500000000000004,0.15,18,0.0,0.5,0.55,0.9986174001381801,false,6.912999309099461E-4,0.14979261002072702
0.9500000000000004,0.7515151515151516,3750,0.0,0.49963780428422816,0.549601584712651,0.005086061813777576,false,0.4974569690931112,0.0038222525145964817
0.9500000000000004,1.353030303030303,2461,0.0,0.4921572428601418,0.541372967146156,0.0020753896511263026,false,0.49896230517443685,0.002808065088569376
0.9500000000000004,1.9545454545454546,2946,0.0,0.4924369883683053,0.5416806872051358,0.0012417894911230798,false,0.49937910525443846,0.0024271340053769286
0.9500000000000004,2.556060606060606,3508,0.0,0.492332362538442,0.5415655987922863,8.699581835673875E-4,false,0.4995650209082163,0.0022236658419366407
0.9500000000000004,3.1575757575757577,4095,0.0,0.49190343445047696,0.5410937778955247,6.230012841339505E-4,false,0.499688499357933,0.0019671737517199285
0.9500000000000004,3.7590909090909093,4656,0.0,0.4916688499335683,0.5408357349269252,4.802026260147807E-4,false,0.4997598986869926,0.001805125325973744
0.9500000000000004,4.360606060606061,5179,0.0,0.4917817171332283,0.5409598888465512,3.963463210595597E-4,false,0.4998018268394702,0.0017283101697112317
0.9500000000000004,4.962121212121213,5634,0.0,0.49218638014733657,0.5414050181620703,3.296795895840754E-4,false,0.49983516020520796,0.0016359100846785562
0.9500000000000004,5.563636363636364,6072,0.0,0.49192601240333267,0.541118613643666,2.752312498920384E-4,false,0.499862384375054,0.001531286590308432
0.9500000000000004,6.165151515151516,6509,0.0,0.4915127411092118,0.540664015220133,2.3062404746565512E-4,false,0.4998846879762672,0.0014218321956632589
0.9500000000000004,6.7666666666666675,6931,0.0,0.4917147055378354,0.540886176091619,2.0616234158199465E-4,false,0.499896918829209,0.0013950318447048305
0.9500000000000004,7.368181818181819,7365,0.0,0.4914099136220304,0.5405509049842335,1.7389114579269283E-4,false,0.49991305442710365,0.0012812615787725233
0.9500000000000004,7.969696969696971,7768,0.0,0.49209118910901284,0.5413003080199141,1.5619807852285117E-4,false,0.4999219009607386,0.0012448513530760564
0.9500000000000004,8.571212121212122,8171,0.0,0.49149841098585195,0.5406482520844372,1.4072446090096502E-4,false,0.4999296377695495,0.0012061792050253926
0.9500000000000004,9.172727272727274,8515,0.0,0.49197805041314824,0.5411758554544631,1.268571139030339E-4,false,0.4999365714430485,0.0011636257084378292
0.9500000000000004,9.774242424242425,8902,0.0,0.49228171671538107,0.5415098883869193,1.1461742450991075E-4,false,0.49994269128774504,0.0011202984932021732
0.9500000000000004,10.375757575757577,9260,0.0,0.4914990469702311,0.5406489516672542,1.0370648693092122E-4,false,0.49994814675653454,0.00107603336742871
0.9500000000000004,10.977272727272728,9628,0.0,0.4918305322139138,0.5410135854353052,9.397040952374702E-5,false,0.4999530147952381,0.0010315388136356777
0.9500000000000004,11.57878787878788,9958,0.0,0.49179039955273324,0.5409694395080066,8.532457525878279E-5,false,0.4999573377123706,9.879551577691183E-4
0.9500000000000004,12.180303030303032,10343,0.0,0.49195944371625117,0.5411553880878763,7.751369968755917E-5,false,0.4999612431501562,9.441403511943761E-4
0.9500000000000004,12.781818181818183,10610,0.0,0.49154265694389504,0.5406969226382846,7.04601964622853E-5,false,0.49996476990176886,9.006094202361195E-4
0.9500000000000004,13.383333333333335,10919,0.0,0.4916349095728261,0.5407984005301087,6.414480347782803E-5,false,0.4999679275982611,8.584712865449319E-4
0.9500000000000004,13.984848484848486,11206,0.0,0.4915885308812486,0.5407473839693735,6.208255907402815E-5,false,0.499968958720463,8.682151822019393E-4
0.9500000000000004,14.586363636363638,11497,0.0,0.49173754337444914,0.5409112977118941,5.664715519426711E-5,false,0.49997167642240287,8.262760046291053E-4
0.9500000000000004,15.18787878787879,11753,0.0,0.4917028787718164,0.5408731666489981,5.164495456411178E-5,false,0.49997417752271794,7.843773099252371E-4
0.9500000000000004,15.78939393939394,12010,0.0,0.49173656635622753,0.5409102229918503,5.01392006320156E-5,false,0.499974930399684,7.91667590585204E-4
0.9500000000000004,16.39090909090909,12270,0.0,0.49176507513223755,0.5409415826454613,4.582486285420462E-5,false,0.4999770875685729,7.511111611466448E-4
0.9500000000000004,16.992424242424242,12504,0.0,0.4918428265750878,0.5410271092325967,4.457218305242705E-5,false,0.4999777139084738,7.573894438378324E-4
0.9500000000000004,17.593939393939394,12775,0.0,0.4921293713568567,0.5413423084925424,4.080752693669254E-5,false,0.49997959623653165,7.179651557407178E-4
0.9500000000000004,18.195454545454545,13000,0.0,0.4920860408748813,0.5412946449623695,3.739115802869897E-5,false,0.49998130442098565,6.803491163130999E-4
0.9500000000000004,18.796969696969697,13214,0.0,0.49155132292668485,0.5407064552193533,3.640012920902436E-5,false,0.4999817999353955,6.842121257078123E-4
0.9500000000000004,19.39848484848485,13468,0.0,0.49178047356887866,0.5409585209257666,3.336596064384967E-5,false,0.4999833170196781,6.472490820048595E-4
0.9500000000000004,20.0,13686,0.0,0.4918042916516078,0.5409847208167686,3.255825007297819E-5,false,0.4999837208749635,6.511650014595638E-4
1.0000000000000004,0.15,17,0.0,0.5,0.55,0.9986143876424783,false,6.928061787608155E-4,0.14979215814637176
1.0000000000000004,0.7515151515151516,3563,0.0,0.49943206761718617,0.5493752743789049,0.0050784829975309975,false,0.4974607585012345,0.0038165569193566286
1.0000000000000004,1.353030303030303,2303,0.0,0.4921054689111248,0.5413160158022373,0.0020754905286908265,false,0.4989622547356546,0.0028082015789710727
1.0000000000000004,1.9545454545454546,2793,0.0,0.492565274769767,0.5418218022467438,0.001241695950337185,false,0.4993791520248314,0.0024269511756590434
1.0000000000000004,2.556060606060606,3330,0.0,0.49221322205396084,0.541434544259357,8.700338628947479E-4,false,0.4995649830685526,0.0022238592828839996
1.0000000000000004,3.1575757575757577,3859,0.0,0.4918945953658194,0.5410840549024014,6.230535722729913E-4,false,0.4996884732138635,0.0019673388554801727
1.0000000000000004,3.7590909090909093,4358,0.0,0.49194845724136615,0.5411433029655028,4.799180749242016E-4,false,0.4997600409625379,0.001804055672555976
1.0000000000000004,4.360606060606061,4889,0.0,0.49223141186694214,0.5414545530536364,3.9634965186086113E-4,false,0.49980182517406957,0.0017283246940235735
1.0000000000000004,4.962121212121213,5313,0.0,0.491907242595232,0.5410979668547552,3.293107645955251E-4,false,0.49983534461770224,0.0016340799303793104
1.0000000000000004,5.563636363636364,5744,0.0,0.4921741961073094,0.5413916157180404,2.75063100243389E-4,false,0.4998624684498783,0.0015303510668086735
1.0000000000000004,6.165151515151516,6119,0.0,0.4919675618497252,0.5411643180346978,2.3064854260512746E-4,false,0.49988467572869744,0.0014219832119094905
1.0000000000000004,6.7666666666666675,6535,0.0,0.4917773830785383,0.5409551213863921,2.0622134404879588E-4,false,0.4998968893279756,0.0013954310947301856
1.0000000000000004,7.368181818181819,6936,0.0,0.4917647822213259,0.5409412604434586,1.73886510696053E-4,false,0.499913056744652,0.001281227426537736
1.0000000000000004,7.969696969696971,7315,0.0,0.4917666139418975,0.5409432753360873,1.5626229069110043E-4,false,0.49992186885465445,0.0012453631045987702
1.0000000000000004,8.571212121212122,7676,0.0,0.49146015803771353,0.5406061738414849,1.40662514553358E-4,false,0.4999296687427233,0.0012056482497399186
1.0000000000000004,9.172727272727274,8032,0.0,0.49203261942885407,0.5412358813717395,1.2682290328780432E-4,false,0.4999365885483561,0.001163311903794496
1.0000000000000004,9.774242424242425,8375,0.0,0.49147771055875683,0.5406254816146325,1.1458038002398752E-4,false,0.499942709809988,0.0011199364114162782
1.0000000000000004,10.375757575757577,8729,0.0,0.4923336509650886,0.5415670160615975,1.0367621802986893E-4,false,0.49994816189098507,0.0010757193046493068
1.0000000000000004,10.977272727272728,9060,0.0,0.4914846892946593,0.5406331582241253,9.401621962989992E-5,false,0.49995299189018505,0.0010320416836645833
1.0000000000000004,11.57878787878788,9406,0.0,0.49146621765097587,0.5406128394160735,8.527418524584274E-5,false,0.4999573629073771,9.873717024980761E-4
1.0000000000000004,12.180303030303032,9716,0.0,0.4915350958383738,0.5406886054222112,7.746990161094924E-5,false,0.4999612650491945,9.436068773491228E-4
1.0000000000000004,12.781818181818183,9989,0.0,0.4918960765814405,0.5410856842395846,7.04151854213908E-5,false,0.4999647924072893,9.000340972952316E-4
1.0000000000000004,13.383333333333335,10283,0.0,0.49155622326857584,0.5407118455954335,6.412047120363251E-5,false,0.4999679397643982,8.581456396086152E-4
1.0000000000000004,13.984848484848486,10610,0.0,0.491341435453031,0.5404755789983341,6.209153171332638E-5,false,0.49996895423414334,8.68340663203034E-4
1.0000000000000004,14.586363636363638,10821,0.0,0.4914901119521357,0.5406391231473493,5.660818331698625E-5,false,0.4999716959083415,8.257075466554949E-4
1.0000000000000004,15.18787878787879,11076,0.0,0.4917180425286281,0.540889846781491,5.1655188311183764E-5,false,0.4999741724058444,7.845327388353123E-4
1.0000000000000004,15.78939393939394,11318,0.0,0.49177397337403844,0.5409513707114423,5.0169909219688336E-5,false,0.49997491504539016,7.921524605732912E-4
1.0000000000000004,16.39090909090909,11553,0.0,0.4916814111457767,0.5408495522603544,4.5840959200460496E-5,false,0.49997707952039977,7.513749948948207E-4
1.0000000000000004,16.992424242424242,11787,0.0,0.4921730986177659,0.5413904084795426,4.4541939292375154E-5,false,0.4999777290303538,7.568755290363445E-4
1.0000000000000004,17.593939393939394,12012,0.0,0.4922135655294152,0.5414349220823568,4.0766627127930555E-5,false,0.49997961668643603,7.172455669841358E-4
1.0000000000000004,18.195454545454545,12305,0.0,0.4920522942498897,0.5412575236748788,3.739977349936918E-5,false,0.4999813001132503,6.805058787180675E-4
1.0000000000000004,18.796969696969697,12448,0.0,0.4919653356289322,0.5411618691918254,3.642381566082431E-5,false,0.4999817880921696,6.846573592245249E-4
1.0000000000000004,19.39848484848485,12680,0.0,0.4917558457289209,0.540931430301813,3.337608761078137E-5,false,0.4999833119561946,6.474455298194452E-4
1.0000000000000004,20.0,12882,0.0,0.49128328306222013,0.5404116113684422,3.254516693529386E-5,false,0.49998372741653235,6.509033387058771E-4
1.0500000000000005,0.15,16,0.0,0.5,0.55,0.9986119923063433,false,6.940038468283087E-4,0.1497917988459515
1.0500000000000005,0.7515151515151516,3393,0.0,0.4991264903335571,0.5490391393669128,0.005080117247720617,false,0.4974599413761397,0.0038177850831354943
1.0500000000000005,1.353030303030303,2211,0.0,0.4922042837263443,0.5414247120989788,0.002075100155749965,false,0.498962449922125,0.002807673392552604
1.0500000000000005,1.9545454545454546,2652,0.0,0.49210741579178285,0.5413181573709612,0.0012396642734039398,false,0.49938016786329803,0.002422980170744064
1.0500000000000005,2.556060606060606,3144,0.0,0.4918706605987157,0.5410577266585873,8.701057659890044E-4,false,0.4995649471170055,0.0022240430715506822
1.0500000000000005,3.1575757575757577,3657,0.0,0.4917932964379481,0.540972626081743,6.230416769820168E-4,false,0.499688479161509,0.0019673012951977624
1.0500000000000005,3.7590909090909093,4142,0.0,0.4921834095072029,0.5414017504579233,4.800290514214156E-4,false,0.4997599854742893,0.0018044728432977761
1.0500000000000005,4.360606060606061,4610,0.0,0.49181604369190746,0.5409976480610983,3.9646126652148617E-4,false,0.49980176936673926,0.0017288114015891476
1.0500000000000005,4.962121212121213,5034,0.0,0.49156416618535226,0.5407205828038876,3.294129104491894E-4,false,0.4998352935447754,0.0016345867904865082
1.0500000000000005,5.563636363636364,5400,0.0,0.4921991510749169,0.5414190661824086,2.75295081720639E-4,false,0.4998623524591397,0.0015316417273911916
1.0500000000000005,6.165151515151516,5800,0.0,0.49158459750959477,0.5407430572605543,2.3074224547026123E-4,false,0.49988462887726487,0.0014225609042704441
1.0500000000000005,6.7666666666666675,6157,0.0,0.49143659228928654,0.5405802515182152,2.0614132573593125E-4,false,0.49989692933713203,0.0013948896374798017
1.0500000000000005,7.368181818181819,6525,0.0,0.4922162827661303,0.5414379110427433,1.7378535128131922E-4,false,0.49991310732435934,0.0012804820655773568
1.0500000000000005,7.969696969696971,6896,0.0,0.4914932542519871,0.5406425796771859,1.5622768401479803E-4,false,0.4999218861579926,0.0012450872998755118
1.0500000000000005,8.571212121212122,7247,0.0,0.4916767767718464,0.5408444544490311,1.4061562269751526E-4,false,0.49992969218865124,0.0012052463296967333
1.0500000000000005,9.172727272727274,7559,0.0,0.4916315051397231,0.5407946556536954,1.2684480663260889E-4,false,0.4999365775966837,0.0011635128172027488
1.0500000000000005,9.774242424242425,7900,0.0,0.4912453489094081,0.5403698838003489,1.1465444847036377E-4,false,0.4999426727757648,0.0011206603743671465
1.0500000000000005,10.375757575757577,8223,0.0,0.4916213520291719,0.5407834872320891,1.0377806752703833E-4,false,0.4999481109662365,0.0010767760703411493
1.0500000000000005,10.977272727272728,8542,0.0,0.49163013695982194,0.5407931506558041,9.397320803072873E-5,false,0.49995301339598464,0.001031569533610045
1.0500000000000005,11.57878787878788,8843,0.0,0.4913938545713986,0.5405332400285385,8.529198780971026E-5,false,0.49995735400609514,9.875778346087967E-4
1.0500000000000005,12.180303030303032,9134,0.0,0.49209614635081805,0.5413057609858999,7.743811741900419E-5,false,0.4999612809412905,9.432197362596587E-4
1.0500000000000005,12.781818181818183,9423,0.0,0.4917732037586475,0.5409505241345123,7.040564276805661E-5,false,0.49996479717861597,8.999121248353418E-4
1.0500000000000005,13.383333333333335,9684,0.0,0.49191002927866767,0.5411010322065345,6.409966541875978E-5,false,0.4999679501672906,8.578671888544017E-4
1.0500000000000005,13.984848484848486,9947,0.0,0.49237130706819404,0.5416084377750134,6.212455703535902E-5,false,0.4999689377214823,8.688025173278239E-4
1.0500000000000005,14.586363636363638,10242,0.0,0.49129011420279134,0.5404191256230705,5.6610757617092666E-5,false,0.49997169462119145,8.257450963329563E-4
1.0500000000000005,15.18787878787879,10458,0.0,0.49187161905420984,0.5410587809596309,5.167131926642199E-5,false,0.4999741643403668,7.847777338282031E-4
1.0500000000000005,15.78939393939394,10655,0.0,0.4919181906197725,0.5411100096817498,5.019144722007152E-5,false,0.49997490427638996,7.92492532546008E-4
1.0500000000000005,16.39090909090909,10874,0.0,0.4917932976489686,0.5409726274138655,4.582043792378254E-5,false,0.4999770897810381,7.510386325143629E-4
1.0500000000000005,16.992424242424242,11099,0.0,0.4912026005484094,0.5403228606032504,4.456653531892396E-5,false,0.49997771673234054,7.572934751541397E-4
1.0500000000000005,17.593939393939394,11307,0.0,0.49174374212912575,0.5409181163420383,4.077088041631871E-5,false,0.49997961455979184,7.173203990822619E-4
1.0500000000000005,18.195454545454545,11513,0.0,0.4914465074806201,0.5405911582286821,3.736669394271974E-5,false,0.49998131665302864,6.799039811486688E-4
1.0500000000000005,18.796969696969697,11715,0.0,0.49203938593060986,0.5412433245236709,3.639269281852098E-5,false,0.49998180365359074,6.840723441008655E-4
1.0500000000000005,19.39848484848485,11948,0.0,0.4920919784227487,0.5413011762650236,3.340543555907516E-5,false,0.49998329728222046,6.480148355497565E-4
1.0500000000000005,20.0,12159,0.0,0.49210403770783556,0.5413144414786192,3.2529324517582836E-5,false,0.4999837353377412,6.505864903516567E-4
1.1000000000000005,0.15,15,0.0,0.5,0.55,0.9986102849278948,false,6.948575360525929E-4,0.1497915427391842
1.1000000000000005,0.7515151515151516,3239,0.0,0.49947810274291177,0.549425913017203,0.005076406834693237,false,0.4974617965826534,0.0038149966515270387
1.1000000000000005,1.353030303030303,2112,0.0,0.4920210441332253,0.5412231485465478,0.0020747432857411985,false,0.4989626283571294,0.0028071905366165006
1.1000000000000005,1.9545454545454546,2515,0.0,0.4920081999240945,0.5412090199165039,0.0012394920270769605,false,0.4993802539864615,0.002422643507468605
1.1000000000000005,2.556060606060606,2979,0.0,0.49224653382498357,0.541471187207482,8.699567303041E-4,false,0.49956502163484795,0.002223662127307601
1.1000000000000005,3.1575757575757577,3455,0.0,0.4918857787147495,0.5410743565862245,6.229642258529511E-4,false,0.4996885178870735,0.0019670567373902275
1.1000000000000005,3.7590909090909093,3905,0.0,0.4917048284809447,0.5408753113290392,4.7994476720791823E-4,false,0.49976002761639604,0.0018041560112770382
1.1000000000000005,4.360606060606061,4365,0.0,0.49206326765394676,0.5412695944193415,3.963706591714189E-4,false,0.4998018146704143,0.0017284162986293088
1.1000000000000005,4.962121212121213,4755,0.0,0.49190562612877775,0.5410961887416555,3.297097861126863E-4,false,0.49983514510694366,0.001636059923513709
1.1000000000000005,5.563636363636364,5134,0.0,0.4917700153872384,0.5409470169259623,2.7517705561364014E-4,false,0.4998624114721932,0.0015309850730504345
1.1000000000000005,6.165151515151516,5483,0.0,0.4920865487736964,0.5412952036510661,2.3048870682618183E-4,false,0.4998847556465869,0.0014209978001147486
1.1000000000000005,6.7666666666666675,5839,0.0,0.4920074240791549,0.5412081664870704,2.0603671071484086E-4,false,0.4998969816446426,0.0013941817425037566
1.1000000000000005,7.368181818181819,6172,0.0,0.4918968023584644,0.5410864825943109,1.7375961652676963E-4,false,0.4999131201917366,0.0012802924472267892
1.1000000000000005,7.969696969696971,6520,0.0,0.492561179894471,0.5418172978839182,1.5626851103844874E-4,false,0.4999218657444808,0.0012454126788821825
1.1000000000000005,8.571212121212122,6840,0.0,0.4915010493221524,0.5406511542543677,1.4071492539069475E-4,false,0.49992964253730465,0.0012060974741441822
1.1000000000000005,9.172727272727274,7143,0.0,0.4923593426986027,0.541595276968463,1.2679482182742507E-4,false,0.4999366025890863,0.0011630543202170174
1.1000000000000005,9.774242424242425,7478,0.0,0.4919695663750231,0.5411665230125254,1.14550701745042E-4,false,0.4999427246491275,0.0011196463287231303
1.1000000000000005,10.375757575757577,7772,0.0,0.49197313248125,0.5411704457293751,1.0377609491085682E-4,false,0.49994811195254457,0.00107675560295386
1.1000000000000005,10.977272727272728,8075,0.0,0.4916316503478736,0.5407948153826609,9.404737689722165E-5,false,0.4999529763115514,0.0010323837054854105
1.1000000000000005,11.57878787878788,8356,0.0,0.49247353330245563,0.5417208866327012,8.52885220927746E-5,false,0.4999573557389536,9.875377058075508E-4
1.1000000000000005,12.180303030303032,8639,0.0,0.4912754205318764,0.540402962585064,7.747483816578082E-5,false,0.4999612625809171,9.436670060828971E-4
1.1000000000000005,12.781818181818183,8895,0.0,0.491479922840831,0.5406279151249141,7.046155758849704E-5,false,0.49996476922120575,9.006268179038804E-4
1.1000000000000005,13.383333333333335,9160,0.0,0.4916967043871931,0.5408663748259125,6.415227514255939E-5,false,0.4999679238624287,8.585712823245866E-4
1.1000000000000005,13.984848484848486,9425,0.0,0.4919288213114269,0.5411217034425696,6.203130974402615E-5,false,0.499968984345128,8.674984680869113E-4
1.1000000000000005,14.586363636363638,9699,0.0,0.49197846039616383,0.5411763064357803,5.6572180834546515E-5,false,0.4999717139095827,8.251824013548172E-4
1.1000000000000005,15.18787878787879,9870,0.0,0.49171799229885715,0.540889791528743,5.16565083651388E-5,false,0.49997417174581743,7.845527876547748E-4
1.1000000000000005,15.78939393939394,10086,0.0,0.4915921929771065,0.5407514122748172,5.0162067274039934E-5,false,0.499974918966363,7.920286410041973E-4
1.1000000000000005,16.39090909090909,10305,0.0,0.4920105332005295,0.5412115865205825,4.581684056514934E-5,false,0.4999770915797174,7.509796685360387E-4
1.1000000000000005,16.992424242424242,10531,0.0,0.4914479996020363,0.5405927995622399,4.453643826030085E-5,false,0.49997773178086985,7.567820531655667E-4
1.1000000000000005,17.593939393939394,10806,0.0,0.49212238802710406,0.5413346268298145,4.082677012229308E-5,false,0.49997958661493885,7.1830371918192E-4
1.1000000000000005,18.195454545454545,10939,0.0,0.49117277773832174,0.5402900555121539,3.737651220914184E-5,false,0.49998131174389543,6.800826289690673E-4
1.1000000000000005,18.796969696969697,11132,0.0,0.4920701326736272,0.54127714594099,3.638331679423068E-5,false,0.4999818083416029,6.838961032564028E-4
1.1000000000000005,19.39848484848485,11332,0.0,0.4916700472114759,0.5408370519326235,3.337121287139144E-5,false,0.4999833143935643,6.473509672612495E-4
1.1000000000000005,20.0,11524,0.0,0.49134751098721324,0.5404822620859346,3.255134498481027E-5,false,0.4999837243275076,6.510268996962054E-4
1.1500000000000006,0.15,14,0.0,0.5,0.55,0.9986082698686234,false,6.958650656882835E-4,0.1497912404802935
1.1500000000000006,0.7515151515151516,3098,0.0,0.49939203146416633,0.549331234610583,0.00507565559086387,false,0.49746217220456806,0.0038144320804067875
1.1500000000000006,1.353030303030303,2020,0.0,0.49226361937345636,0.5414899813108021,0.002074667906066252,false,0.4989626660469669,0.0028070885456320653
1.1500000000000006,1.9545454545454546,2395,0.0,0.4922034831255279,0.5414238314380807,0.0012396288410736478,false,0.4993801855794632,0.002422910916643948
1.1500000000000006,2.556060606060606,2837,0.0,0.49193123185127646,0.5411243550364041,8.699070046497281E-4,false,0.49956504649767514,0.0022235350255213507
1.1500000000000006,3.1575757575757577,3268,0.0,0.4917571045551647,0.5409328150106812,6.231009263313325E-4,false,0.49968844953683433,0.001967488379506814
1.1500000000000006,3.7590909090909093,3707,0.0,0.49288741728293295,0.5421761590112263,4.806914493902248E-4,false,0.4997596542753049,0.001806962857480527
1.1500000000000006,4.360606060606061,4143,0.0,0.49175400878112296,0.5409294096592353,3.96668278862089E-4,false,0.49980166586056896,0.0017297141008562004
1.1500000000000006,4.962121212121213,4501,0.0,0.49181645008812297,0.5409980950969353,3.2966414491819584E-4,false,0.4998351679275409,0.0016358334463743812
1.1500000000000006,5.563636363636364,4855,0.0,0.4918442579308898,0.5410286837239788,2.750236926858385E-4,false,0.4998624881536571,0.0015301318174884835
1.1500000000000006,6.165151515151516,5190,0.0,0.4922169684647636,0.54143866531124,2.3045552622713572E-4,false,0.49988477223688643,0.0014207932366942658
1.1500000000000006,6.7666666666666675,5524,0.0,0.4918366448623424,0.5410203093485767,2.061469571189578E-4,false,0.4998969265214405,0.0013949277431716148
1.1500000000000006,7.368181818181819,5853,0.0,0.49161287636156753,0.5407741639977244,1.738263340563817E-4,false,0.4999130868329718,0.0012807840341154308
1.1500000000000006,7.969696969696971,6194,0.0,0.4915678738100748,0.5407246611910823,1.5631296938634076E-4,false,0.49992184351530683,0.0012457669984426553
1.1500000000000006,8.571212121212122,6499,0.0,0.4918550334771653,0.5410405368248818,1.4060678844540764E-4,false,0.4999296966057773,0.0012051706094479864
1.1500000000000006,9.172727272727274,6795,0.0,0.49192796914741477,0.5411207660621563,1.2686390853200447E-4,false,0.499936568045734,0.0011636880337162956
1.1500000000000006,9.774242424242425,7083,0.0,0.4915717877042404,0.5407289664746645,1.1457644532719691E-4,false,0.4999427117773364,0.0011198979527359807
1.1500000000000006,10.375757575757577,7379,0.0,0.4913519942424609,0.540487193666707,1.0375582590504973E-4,false,0.4999481220870475,0.0010765452966633039
1.1500000000000006,10.977272727272728,7692,0.0,0.49153927468505515,0.5406932021535608,9.399812389621065E-5,false,0.4999530009380519,0.0010318430418606761
1.1500000000000006,11.57878787878788,7931,0.0,0.4916321891682145,0.540795408085036,8.526552063481407E-5,false,0.4999573672396826,9.87271376804923E-4
1.1500000000000006,12.180303030303032,8209,0.0,0.491243347797246,0.5403676825769707,7.749640784360246E-5,false,0.4999612517960782,9.439297312950306E-4
1.1500000000000006,12.781818181818183,8479,0.0,0.4921274065863476,0.5413401472449825,7.039631146221748E-5,false,0.4999648018442689,8.997928537807071E-4
1.1500000000000006,13.383333333333335,8702,0.0,0.4926866838022051,0.5419553521824256,6.413561842721904E-5,false,0.4999679321907864,8.583483599509483E-4
1.1500000000000006,13.984848484848486,8926,0.0,0.4912631082015393,0.5403894190216932,6.208703038435015E-5,false,0.4999689564848078,8.682777127993212E-4
1.1500000000000006,14.586363636363638,9141,0.0,0.4915709755258293,0.5407280730784123,5.659893509168956E-5,false,0.49997170053245416,8.255726486783264E-4
1.1500000000000006,15.18787878787879,9367,0.0,0.49156191297411134,0.5407181042715226,5.169603902532849E-5,false,0.49997415198048734,7.851531745301406E-4
1.1500000000000006,15.78939393939394,9577,0.0,0.49169424113718097,0.5408636652508991,5.011784413777587E-5,false,0.4999749410779311,7.913303844844884E-4
1.1500000000000006,16.39090909090909,9774,0.0,0.4917175789028556,0.5408893367931412,4.5820640643068344E-5,false,0.49997708967967847,7.510419552677475E-4
1.1500000000000006,16.992424242424242,9975,0.0,0.49137033850433837,0.5405073723547722,4.455566600458649E-5,false,0.4999777221669977,7.571087791536932E-4
1.1500000000000006,17.593939393939394,10171,0.0,0.49146811875330265,0.540614930628633,4.080052707799986E-5,false,0.499979599736461,7.178420006511126E-4
1.1500000000000006,18.195454545454545,10366,0.0,0.49109226995145766,0.5402014969466035,3.735868576904E-5,false,0.4999813206571155,6.797582687884869E-4
1.1500000000000006,18.796969696969697,10552,0.0,0.49122802317239833,0.5403508254896382,3.6398199351972416E-5,false,0.499981800900324,6.841758502432875E-4
1.1500000000000006,19.39848484848485,10737,0.0,0.4918695493612854,0.541056504297414,3.339733413099122E-5,false,0.4999833013329345,6.47857680119819E-4
1.1500000000000006,20.0,11011,0.0,0.49124697705648757,0.5403716747621363,3.255465164286875E-5,false,0.49998372267417857,6.51093032857375E-4
1.2000000000000006,0.15,13,0.0,0.5,0.55,0.9986089169873912,false,6.955415063044293E-4,0.14979133754810867
1.2000000000000006,0.7515151515151516,2968,0.0,0.4992967650202981,0.5492264415223279,0.0050870273902619,false,0.49745648630486905,0.003822978159954398
1.2000000000000006,1.353030303030303,1929,0.0,0.4923353459842419,0.5415688805826662,0.0020741317651853386,false,0.49896293411740733,0.002806363130773496
1.2000000000000006,1.9545454545454546,2287,0.0,0.49202764739360644,0.5412304121329671,0.0012394894398105594,false,0.4993802552800947,0.0024226384505388206
1.2000000000000006,2.556060606060606,2693,0.0,0.4920513824147526,0.5412565206562279,8.698697623463758E-4,false,0.4995650651188268,0.002223439831936873
1.2000000000000006,3.1575757575757577,3117,0.0,0.49176716556218647,0.5409438821184052,6.230296266079849E-4,false,0.499688485186696,0.0019672632452288493
1.2000000000000006,3.7590909090909093,3531,0.0,0.4917533144825746,0.5409286459308321,4.7988578625102196E-4,false,0.4997600571068745,0.0018039342964981599
1.2000000000000006,4.360606060606061,3921,0.0,0.49147859383742337,0.5406264532211658,3.964020943808544E-4,false,0.4998017989528096,0.0017285533751940896
1.2000000000000006,4.962121212121213,4262,0.0,0.49156548446888304,0.5407220329157714,3.2923145892782557E-4,false,0.4998353842705361,0.0016336864060433772
1.2000000000000006,5.563636363636364,4622,0.0,0.49155200586131215,0.5407072064474434,2.7510677309938725E-4,false,0.4998624466134503,0.0015305940466984092
1.2000000000000006,6.165151515151516,4936,0.0,0.49156947403253226,0.5407264214357855,2.3067623585559804E-4,false,0.4998846618820722,0.0014221539449945887
1.2000000000000006,6.7666666666666675,5225,0.0,0.4915535784134542,0.5407089362547997,2.061895237908118E-4,false,0.4998969052381046,0.00139521577765116
1.2000000000000006,7.368181818181819,5564,0.0,0.49182149100490113,0.5410036401053913,1.7391515730758034E-4,false,0.4999130424213462,0.0012814384999799444
1.2000000000000006,7.969696969696971,5876,0.0,0.49149378763656937,0.5406431664002264,1.5627701159770524E-4,false,0.49992186149420115,0.0012454804257635299
1.2000000000000006,8.571212121212122,6168,0.0,0.49205613959317696,0.5412617535524947,1.4077718999894184E-4,false,0.49992961140500053,0.0012066311573091122
1.2000000000000006,9.172727272727274,6441,0.0,0.49162433159164987,0.5407867647508149,1.2693733262836293E-4,false,0.4999365313336858,0.0011643615329274383
1.2000000000000006,9.774242424242425,6723,0.0,0.49190572598659116,0.5410962985852503,1.1456162685441473E-4,false,0.4999427191865728,0.0011197531133906508
1.2000000000000006,10.375757575757577,7011,0.0,0.49168411126300476,0.5408525223893053,1.0372286576321166E-4,false,0.4999481385671184,0.0010762033102219295
1.2000000000000006,10.977272727272728,7295,0.0,0.4913215596381454,0.54045371560196,9.402398695113057E-5,false,0.49995298800652443,0.0010321269476680924
1.2000000000000006,11.57878787878788,7544,0.0,0.49291879214251094,0.542210671356762,8.528571930344064E-5,false,0.4999573571403483,9.875052529043841E-4
1.2000000000000006,12.180303030303032,7798,0.0,0.49115551553183007,0.5402710670850132,7.746900978955473E-5,false,0.4999612654951052,9.435960146942888E-4
1.2000000000000006,12.781818181818183,8021,0.0,0.4914277900302403,0.5405705690332644,7.046560668544366E-5,false,0.4999647671966573,9.006785727248527E-4
1.2000000000000006,13.383333333333335,8297,0.0,0.49108763472640665,0.5401963981990474,6.41277311962396E-5,false,0.4999679361344019,8.582428025096735E-4
1.2000000000000006,13.984848484848486,8476,0.0,0.4924344898235361,0.5416779388058898,6.213533640520019E-5,false,0.4999689323317974,8.689532651818149E-4
1.2000000000000006,14.586363636363638,8676,0.0,0.4917180811927609,0.5408898893120371,5.658979435840816E-5,false,0.4999717051028208,8.25439318618781E-4
1.2000000000000006,15.18787878787879,8898,0.0,0.4919899648507894,0.5411889613358684,5.165902038883896E-5,false,0.4999741704898056,7.845909399662452E-4
1.2000000000000006,15.78939393939394,9090,0.0,0.49250255480962823,0.5417528102905911,5.018933999356712E-5,false,0.4999749053300032,7.924592607166105E-4
1.2000000000000006,16.39090909090909,9282,0.0,0.49127148673557763,0.5403986354091355,4.584845922606107E-5,false,0.49997707577038697,7.514979271326191E-4
1.2000000000000006,16.992424242424242,9470,0.0,0.49175553395556654,0.5409310873511233,4.45925510466072E-5,false,0.4999777037244767,7.577355454359086E-4
1.2000000000000006,17.593939393939394,9664,0.0,0.4917260750972409,0.540898682606965,4.075734749064974E-5,false,0.4999796213262547,7.170823016082194E-4
1.2000000000000006,18.195454545454545,9836,0.0,0.4917259303847058,0.5408985234231765,3.7382251662942956E-5,false,0.49998130887416853,6.801870609398212E-4
1.2000000000000006,18.796969696969697,10107,0.0,0.4926590581071252,0.5419249639178377,3.637464754335795E-5,false,0.4999818126762283,6.837331476104527E-4
1.2000000000000006,19.39848484848485,10280,0.0,0.49204328539233366,0.5412476139315671,3.337423426752473E-5,false,0.49998331288286624,6.474095777683623E-4
1.2000000000000006,20.0,10369,0.0,0.4915092686690271,0.5406601955359298,3.253346847997829E-5,false,0.49998373326576,6.506693695995658E-4
1.2500000000000007,0.15,12,0.0,0.5,0.55,0.998609201788143,false,6.953991059284651E-4,0.14979138026822145
1.2500000000000007,0.7515151515151516,2850,0.0,0.49897403468945084,0.548871438158396,0.005074511105409685,false,0.49746274444729516,0.0038135719822472787
1.2500000000000007,1.353030303030303,1851,0.0,0.49251689117834646,0.5417685802961811,0.0020742236859272456,false,0.4989628881570364,0.002806487502322773
1.2500000000000007,1.9545454545454546,2179,0.0,0.4922278074886036,0.5414505882374641,0.001239109304644881,false,0.49938044534767756,0.002421895459078631
1.2500000000000007,2.556060606060606,2570,0.0,0.4920901944626638,0.5412992139089302,8.696958059439819E-4,false,0.499565152097028,0.0022229951888295416
1.2500000000000007,3.1575757575757577,2979,0.0,0.4925787318560461,0.5418366050416508,6.24041407667475E-4,false,0.49968797929616626,0.0019704580205742693
1.2500000000000007,3.7590909090909093,3360,0.0,0.4918060871986523,0.5409866959185176,4.7978261406123046E-4,false,0.4997601086929694,0.0018035464628574436
1.2500000000000007,4.360606060606061,3733,0.0,0.49261614470198656,0.5418777591721853,3.9704676137486405E-4,false,0.49980147661931257,0.001731364513995241
1.2500000000000007,4.962121212121213,4064,0.0,0.4925505540934618,0.5418056095028081,3.2984334551566796E-4,false,0.49983507832724217,0.0016367226614603222
1.2500000000000007,5.563636363636364,4384,0.0,0.491698745386484,0.5408686199251325,2.7503537666462297E-4,false,0.4998624823116677,0.0015301968228977206
1.2500000000000007,6.165151515151516,4698,0.0,0.4914376688838644,0.5405814357722509,2.306131811478096E-4,false,0.4998846934094261,0.0014217652031673293
1.2500000000000007,6.7666666666666675,4984,0.0,0.4915233668044955,0.5406757034849451,2.06039848516415E-4,false,0.4998969800757418,0.001394202974961075
1.2500000000000007,7.368181818181819,5292,0.0,0.49144500709364936,0.5405895078030143,1.739857802243172E-4,false,0.49991300710988784,0.001281958862470992
1.2500000000000007,7.969696969696971,5585,0.0,0.4917772038705797,0.5409549242576377,1.5636401946128586E-4,false,0.49992181799026936,0.001246173852070248
1.2500000000000007,8.571212121212122,5876,0.0,0.49173977226798893,0.5409137494947879,1.4068527994337554E-4,false,0.4999296573600283,0.0012058433767267811
1.2500000000000007,9.172727272727274,6133,0.0,0.49125592837744175,0.540381521215186,1.268376876596422E-4,false,0.4999365811561702,0.0011634475168052637
1.2500000000000007,9.774242424242425,6411,0.0,0.49149788514986487,0.5406476736648514,1.1470561629112197E-4,false,0.49994264719185444,0.0011211605010515574
1.2500000000000007,10.375757575757577,6690,0.0,0.49204451536224664,0.5412489668984714,1.0366043745402287E-4,false,0.499948169781273,0.0010755555692199222
1.2500000000000007,10.977272727272728,6950,0.0,0.49154903725785887,0.5407039409836448,9.39688802144012E-5,false,0.4999530155598928,0.0010315220259899042
1.2500000000000007,11.57878787878788,7209,0.0,0.4919096276262211,0.5411005903888433,8.525935541503493E-5,false,0.4999573703222925,9.871999910328743E-4
1.2500000000000007,12.180303030303032,7418,0.0,0.4914183631277643,0.5405601994405408,7.746138188191587E-5,false,0.49996126930905904,9.435031044677602E-4
1.2500000000000007,12.781818181818183,7667,0.0,0.4919264874741712,0.5411191362215884,7.042230856790788E-5,false,0.49996478884571605,9.001251440588953E-4
1.2500000000000007,13.383333333333335,7857,0.0,0.49177943824436954,0.5409573820688065,6.408945490976592E-5,false,0.4999679552725451,8.57730538209034E-4
1.2500000000000007,13.984848484848486,8107,0.0,0.49187927098792256,0.5410671980867149,6.208403423069164E-5,false,0.49996895798288465,8.682358120443695E-4
1.2500000000000007,14.586363636363638,8312,0.0,0.4917897527016058,0.5409687279717664,5.6562749622179886E-5,false,0.4999717186251889,8.250448342617058E-4
1.2500000000000007,15.18787878787879,8462,0.0,0.4914298429489658,0.5405728272438625,5.16792214253492E-5,false,0.4999741603892873,7.848977508601522E-4
1.2500000000000007,15.78939393939394,8655,0.0,0.49154295450871544,0.540697249959587,5.015312464029531E-5,false,0.49997492343767985,7.918874422371477E-4
1.2500000000000007,16.39090909090909,8914,0.0,0.4920491047714072,0.5412540152485479,4.58351821800429E-5,false,0.49997708240891,7.512803042783395E-4
1.2500000000000007,16.992424242424242,9017,0.0,0.49141386570771817,0.54055525227849,4.456431454602505E-5,false,0.499977717842727,7.572557388388954E-4
1.2500000000000007,17.593939393939394,9196,0.0,0.49180330351255913,0.5409836338638151,4.0824657502436246E-5,false,0.4999795876712488,7.182665498761965E-4
1.2500000000000007,18.195454545454545,9372,0.0,0.49178746286911384,0.5409662091560252,3.740063823320927E-5,false,0.4999812996808834,6.805216129433486E-4
1.2500000000000007,18.796969696969697,9529,0.0,0.4915017838627607,0.5406519622490369,3.6371676028656985E-5,false,0.49998181416198567,6.836772921386644E-4
1.2500000000000007,19.39848484848485,9706,0.0,0.49204205134848555,0.5412462564833341,3.336628019001697E-5,false,0.499983316859905,6.472552807163444E-4
1.2500000000000007,20.0,9869,0.0,0.49263574265051635,0.541899316915568,3.2556244698112025E-5,false,0.49998372187765094,6.511248939622405E-4
