Precision,Alpha,P4 iter,GSS iter,ref iter,P4 time,GSS time,ref time,P4 residual cong,GSS residual cong,ref residual cong
1.024,0.5,2,2,214,464200,505600.0,15586400,0.9422921983644414,0.9450986832946685,0.9948391694513825
0.512,0.5,2,2,214,440600,371000.0,15586400,0.9422921983644414,0.9450986832946685,0.9948391694513825
0.256,0.5,2,2,214,430000,570400.0,15586400,0.9422921983644414,0.9450986832946685,0.9948391694513825
0.128,0.5,2,2,214,419700,534300.0,15586400,0.9422921983644414,0.9450986832946685,0.9948391694513825
0.064,0.5,2,2,214,554800,390200.0,15586400,0.9422921983644414,0.9450986832946685,0.9948391694513825
0.032,0.5,2,2,214,419700,409200.0,15586400,0.9422921983644414,0.9450986832946685,0.9948391694513825
0.016,0.5,2,2,214,421300,421900.0,15586400,0.9422921983644414,0.9450986832946685,0.9948391694513825
0.008,0.5,2,2,214,473400,408900.0,15586400,0.9422921983644414,0.9450986832946685,0.9948391694513825
0.004,0.5,2,2,214,446100,375600.0,15586400,0.9422921983644414,0.9450986832946685,0.9948391694513825
0.002,0.5,2,2,214,415500,453100.0,15586400,0.9422921983644414,0.9450986832946685,0.9948391694513825
0.001,0.5,2,2,214,525100,371600.0,15586400,0.9422921983644414,0.9450986832946685,0.9948391694513825
5.0E-4,0.5,2,2,214,472700,403600.0,15586400,0.9422921983644414,0.9450986832946685,0.9948391694513825
2.5E-4,0.5,2,2,214,489100,408400.0,15586400,0.9422921983644414,0.9450986832946685,0.9948391694513825
1.25E-4,0.5,2,2,214,429000,642400.0,15586400,0.9422921983644414,0.9450986832946685,0.9948391694513825
6.25E-5,0.5,2,2,214,442400,425300.0,15586400,0.9422921983644414,0.9450986832946685,0.9948391694513825
3.125E-5,0.5,2,2,214,451400,397400.0,15586400,0.9422921983644414,0.9450986832946685,0.9948391694513825
1.5625E-5,0.5,2,2,214,426500,387000.0,15586400,0.9422921983644414,0.9450986832946685,0.9948391694513825
1.024,1.0128205128205128,1001,997,6175,241559000,2.467282E8,476375600,0.0012748062482340616,0.0012745712867985315,0.0012732715492439484
0.512,1.0128205128205128,1001,997,6175,249620600,2.47119E8,476375600,0.0012748062482340616,0.0012745712867985315,0.0012732715492439484
0.256,1.0128205128205128,700,997,6175,168913300,2.461043E8,476375600,0.0012726923292670778,0.0012745712867985315,0.0012732715492439484
0.128,1.0128205128205128,652,997,6175,161343100,2.479742E8,476375600,0.0012748194454887951,0.0012745712867985315,0.0012732715492439484
0.064,1.0128205128205128,652,997,6175,159000500,2.527101E8,476375600,0.0012748194454887951,0.0012745712867985315,0.0012732715492439484
0.032,1.0128205128205128,652,997,6175,166216500,2.496264E8,476375600,0.0012748194454887951,0.0012745712867985315,0.0012732715492439484
0.016,1.0128205128205128,853,997,6175,211465200,2.499238E8,476375600,0.001274099565046427,0.0012745712867985315,0.0012732715492439484
0.008,1.0128205128205128,932,997,6175,232266100,2.480374E8,476375600,0.001275021398230436,0.0012745712867985315,0.0012732715492439484
0.004,1.0128205128205128,1190,1004,6175,294816700,2.478147E8,476375600,0.0012718898609368479,0.001275051875664901,0.0012732715492439484
0.002,1.0128205128205128,1158,1004,6175,282687900,2.501695E8,476375600,0.001272442325892631,0.001275051875664901,0.0012732715492439484
0.001,1.0128205128205128,1177,1004,6175,297331800,2.460434E8,476375600,0.0012719219216676958,0.001275051875664901,0.0012732715492439484
5.0E-4,1.0128205128205128,1165,1004,6175,295173000,2.52687E8,476375600,0.0012723814686047552,0.001275051875664901,0.0012732715492439484
2.5E-4,1.0128205128205128,1170,1012,6175,296664400,2.538715E8,476375600,0.001271465871644839,0.0012743003390582874,0.0012732715492439484
1.25E-4,1.0128205128205128,926,1012,6175,230157700,2.493026E8,476375600,0.001273760677098057,0.0012743003390582874,0.0012732715492439484
6.25E-5,1.0128205128205128,939,1015,6175,248961300,2.520959E8,476375600,0.0012750716353021607,0.0012722082916416522,0.0012732715492439484
3.125E-5,1.0128205128205128,858,1087,6175,227494800,2.776715E8,476375600,0.0012743561552180926,0.0012720287636825978,0.0012732715492439484
1.5625E-5,1.0128205128205128,956,1221,6175,260734900,3.155464E8,476375600,0.0012719778014806948,0.0012723255352059537,0.0012732715492439484
1.024,1.5256410256410255,1068,725,6663,262150600,1.745088E8,525487600,6.987863729760457E-4,6.999698941370092E-4,6.99106116889836E-4
0.512,1.5256410256410255,1068,725,6663,254404700,1.714281E8,525487600,6.987863729760457E-4,6.999698941370092E-4,6.99106116889836E-4
0.256,1.5256410256410255,1068,725,6663,254937100,1.709716E8,525487600,6.987863729760457E-4,6.999698941370092E-4,6.99106116889836E-4
0.128,1.5256410256410255,661,725,6663,157109500,1.702326E8,525487600,6.98730872789266E-4,6.999698941370092E-4,6.99106116889836E-4
0.064,1.5256410256410255,661,973,6663,158084700,2.294863E8,525487600,6.98730872789266E-4,6.985940063241047E-4,6.99106116889836E-4
0.032,1.5256410256410255,956,973,6663,226198900,2.29784E8,525487600,6.997584683997582E-4,6.985940063241047E-4,6.99106116889836E-4
0.016,1.5256410256410255,895,973,6663,209496300,2.323193E8,525487600,6.99507039893521E-4,6.985940063241047E-4,6.99106116889836E-4
0.008,1.5256410256410255,948,973,6663,225238500,2.315476E8,525487600,6.998209755563201E-4,6.985940063241047E-4,6.99106116889836E-4
0.004,1.5256410256410255,911,973,6663,221368300,2.346113E8,525487600,6.98788923848559E-4,6.985940063241047E-4,6.99106116889836E-4
0.002,1.5256410256410255,910,973,6663,216454200,2.32102E8,525487600,6.988958900274733E-4,6.985940063241047E-4,6.99106116889836E-4
0.001,1.5256410256410255,906,976,6663,216579300,2.334779E8,525487600,6.993500578856837E-4,6.999880609109832E-4,6.99106116889836E-4
5.0E-4,1.5256410256410255,921,976,6663,223948100,2.325718E8,525487600,6.998017847504867E-4,6.999880609109832E-4,6.99106116889836E-4
2.5E-4,1.5256410256410255,921,976,6663,221783600,2.305614E8,525487600,6.998017847504867E-4,6.999880609109832E-4,6.99106116889836E-4
1.25E-4,1.5256410256410255,1014,1063,6663,250699200,2.578695E8,525487600,6.997208921305509E-4,6.996223846139626E-4,6.99106116889836E-4
6.25E-5,1.5256410256410255,1028,1084,6663,261731600,2.663547E8,525487600,6.989094189682188E-4,6.985675416064652E-4,6.99106116889836E-4
3.125E-5,1.5256410256410255,996,1149,6663,274195400,2.809215E8,525487600,6.987472749144796E-4,6.989100104712875E-4,6.99106116889836E-4
1.5625E-5,1.5256410256410255,1007,1150,6663,287788600,2.962187E8,525487600,6.988337193810645E-4,6.985608385396969E-4,6.99106116889836E-4
1.024,2.0384615384615383,1107,1204,7704,259891900,2.964304E8,585311000,4.5838160475719647E-4,4.5835021258910924E-4,4.585432120524091E-4
0.512,2.0384615384615383,1107,1204,7704,257695100,2.939225E8,585311000,4.5838160475719647E-4,4.5835021258910924E-4,4.585432120524091E-4
0.256,2.0384615384615383,1107,1204,7704,259756400,2.907751E8,585311000,4.5838160475719647E-4,4.5835021258910924E-4,4.585432120524091E-4
0.128,2.0384615384615383,1206,1204,7704,288138700,2.924351E8,585311000,4.5884517486094456E-4,4.5835021258910924E-4,4.585432120524091E-4
0.064,2.0384615384615383,1032,522,7704,249621700,1.356307E8,585311000,4.584232938456001E-4,4.5885375085630287E-4,4.585432120524091E-4
0.032,2.0384615384615383,1043,522,7704,251382000,1.358356E8,585311000,4.589691305684207E-4,4.5885375085630287E-4,4.585432120524091E-4
0.016,2.0384615384615383,1059,522,7704,261272200,1.338672E8,585311000,4.58939192082064E-4,4.5885375085630287E-4,4.585432120524091E-4
0.008,2.0384615384615383,1292,522,7704,327981000,1.361915E8,585311000,4.5842870928369805E-4,4.5885375085630287E-4,4.585432120524091E-4
0.004,2.0384615384615383,1298,522,7704,317960200,1.362256E8,585311000,4.5837889520150554E-4,4.5885375085630287E-4,4.585432120524091E-4
0.002,2.0384615384615383,1282,522,7704,313790600,1.382425E8,585311000,4.589418561113945E-4,4.5885375085630287E-4,4.585432120524091E-4
0.001,2.0384615384615383,1268,522,7704,321353100,1.393087E8,585311000,4.591697695792707E-4,4.5885375085630287E-4,4.585432120524091E-4
5.0E-4,2.0384615384615383,1269,513,7704,316316400,1.329942E8,585311000,4.588952132044133E-4,4.5885048682448026E-4,4.585432120524091E-4
2.5E-4,2.0384615384615383,1278,528,7704,322788400,1.385208E8,585311000,4.5825262313436976E-4,4.590999721078015E-4,4.585432120524091E-4
1.25E-4,2.0384615384615383,1084,724,7704,279150700,1.891971E8,585311000,4.5844611491441256E-4,4.590330528698727E-4,4.585432120524091E-4
6.25E-5,2.0384615384615383,1124,721,7704,292245500,1.893292E8,585311000,4.5859050067276197E-4,4.5827648551444167E-4,4.585432120524091E-4
3.125E-5,2.0384615384615383,1156,725,7704,322145400,1.922363E8,585311000,4.589729693889044E-4,4.585026820225213E-4,4.585432120524091E-4
1.5625E-5,2.0384615384615383,1117,725,7704,335602300,2.239716E8,585311000,4.5858311996782586E-4,4.585026820225213E-4,4.585432120524091E-4
1.024,2.551282051282051,1019,1181,8865,249695300,2.914118E8,672459100,3.4800647627064585E-4,3.479793783746077E-4,3.4818172080508525E-4
0.512,2.551282051282051,1019,1181,8865,251461200,2.892912E8,672459100,3.4800647627064585E-4,3.479793783746077E-4,3.4818172080508525E-4
0.256,2.551282051282051,1019,1181,8865,251686700,2.872678E8,672459100,3.4800647627064585E-4,3.479793783746077E-4,3.4818172080508525E-4
0.128,2.551282051282051,942,1181,8865,233419100,2.959697E8,672459100,3.48273817548983E-4,3.479793783746077E-4,3.4818172080508525E-4
0.064,2.551282051282051,573,1212,8865,149779400,3.014742E8,672459100,3.482523266735704E-4,3.4797049340684616E-4,3.4818172080508525E-4
0.032,2.551282051282051,1374,1212,8865,340144700,3.020052E8,672459100,3.4841344785285777E-4,3.4797049340684616E-4,3.4818172080508525E-4
0.016,2.551282051282051,1458,1212,8865,371018100,2.980751E8,672459100,3.484135560026802E-4,3.4797049340684616E-4,3.4818172080508525E-4
0.008,2.551282051282051,1446,1245,8865,357424300,3.109019E8,672459100,3.4844182910165333E-4,3.479207843349874E-4,3.4818172080508525E-4
0.004,2.551282051282051,1476,1245,8865,362843500,3.11098E8,672459100,3.4824490269536046E-4,3.479207843349874E-4,3.4818172080508525E-4
0.002,2.551282051282051,1058,1245,8865,265225400,3.1203E8,672459100,3.4850045950607367E-4,3.479207843349874E-4,3.4818172080508525E-4
0.001,2.551282051282051,1056,1245,8865,263843500,3.070445E8,672459100,3.479501506145066E-4,3.479207843349874E-4,3.4818172080508525E-4
5.0E-4,2.551282051282051,1052,1238,8865,259027500,3.085892E8,672459100,3.480943879929921E-4,3.483722646778764E-4,3.4818172080508525E-4
2.5E-4,2.551282051282051,1095,1232,8865,286811900,3.064693E8,672459100,3.4844277233914145E-4,3.4839821531884585E-4,3.4818172080508525E-4
1.25E-4,2.551282051282051,1587,1295,8865,406881600,3.24522E8,672459100,3.4809666017587837E-4,3.478923632944664E-4,3.4818172080508525E-4
6.25E-5,2.551282051282051,1760,1475,8865,467088400,3.907133E8,672459100,3.4795992390757036E-4,3.484261986443915E-4,3.4818172080508525E-4
3.125E-5,2.551282051282051,1756,1516,8865,509857700,4.163929E8,672459100,3.4845508675096504E-4,3.4845491074431134E-4,3.4818172080508525E-4
1.5625E-5,2.551282051282051,1813,1739,8865,573229700,4.721323E8,672459100,3.481601426988945E-4,3.4803022939833284E-4,3.4818172080508525E-4
1.024,3.064102564102564,1099,1340,9973,274116500,3.319536E8,761429500,2.683552905923259E-4,2.6808557992075155E-4,2.6821853923664207E-4
0.512,3.064102564102564,1099,1340,9973,269994000,3.471567E8,761429500,2.683552905923259E-4,2.6808557992075155E-4,2.6821853923664207E-4
0.256,3.064102564102564,1099,1340,9973,266696600,3.325655E8,761429500,2.683552905923259E-4,2.6808557992075155E-4,2.6821853923664207E-4
0.128,3.064102564102564,1126,1340,9973,279216400,3.308538E8,761429500,2.684079772053982E-4,2.6808557992075155E-4,2.6821853923664207E-4
0.064,3.064102564102564,731,1246,9973,191042100,3.117661E8,761429500,2.6810217919248647E-4,2.684537153476718E-4,2.6821853923664207E-4
0.032,3.064102564102564,1495,1283,9973,373098700,3.21741E8,761429500,2.6831981595165644E-4,2.6811527757264475E-4,2.6821853923664207E-4
0.016,3.064102564102564,1285,1283,9973,322231000,3.316301E8,761429500,2.682579791848383E-4,2.6811527757264475E-4,2.6821853923664207E-4
0.008,3.064102564102564,1133,1345,9973,284315000,3.380972E8,761429500,2.6844954129590093E-4,2.684308572693528E-4,2.6821853923664207E-4
0.004,3.064102564102564,1133,1345,9973,288380900,3.500831E8,761429500,2.6844954129590093E-4,2.684308572693528E-4,2.6821853923664207E-4
0.002,3.064102564102564,1554,1345,9973,397569000,3.419931E8,761429500,2.683048493105078E-4,2.684308572693528E-4,2.6821853923664207E-4
0.001,3.064102564102564,1578,1345,9973,394009800,3.370709E8,761429500,2.681795282374333E-4,2.684308572693528E-4,2.6821853923664207E-4
5.0E-4,3.064102564102564,1146,1352,9973,286717600,3.364562E8,761429500,2.6837120032319195E-4,2.6835210892328654E-4,2.6821853923664207E-4
2.5E-4,3.064102564102564,1224,1368,9973,322353500,3.424236E8,761429500,2.6838801429962533E-4,2.682925730681518E-4,2.6821853923664207E-4
1.25E-4,3.064102564102564,1239,1392,9973,325760800,3.608118E8,761429500,2.683285544192726E-4,2.6833002510440185E-4,2.6821853923664207E-4
6.25E-5,3.064102564102564,1875,1531,9973,535644400,3.906544E8,761429500,2.6833984386920307E-4,2.682877080126822E-4,2.6821853923664207E-4
3.125E-5,3.064102564102564,1979,1634,9973,578484600,4.338644E8,761429500,2.681821413799135E-4,2.68221807471547E-4,2.6821853923664207E-4
1.5625E-5,3.064102564102564,2035,1631,9973,619254000,4.381786E8,761429500,2.6819596956251246E-4,2.681833878674933E-4,2.6821853923664207E-4
1.024,3.5769230769230766,1561,1536,11041,384485400,3.942496E8,855909500,2.0880993653471513E-4,2.0862441409263965E-4,2.0867065514063032E-4
0.512,3.5769230769230766,1561,1536,11041,385013000,3.941712E8,855909500,2.0880993653471513E-4,2.0862441409263965E-4,2.0867065514063032E-4
0.256,3.5769230769230766,1561,1536,11041,379893600,4.010941E8,855909500,2.0880993653471513E-4,2.0862441409263965E-4,2.0867065514063032E-4
0.128,3.5769230769230766,1603,1536,11041,407815900,3.954697E8,855909500,2.0867051985340446E-4,2.0862441409263965E-4,2.0867065514063032E-4
0.064,3.5769230769230766,1752,1374,11041,446907600,3.501996E8,855909500,2.085714924020543E-4,2.0883096111590227E-4,2.0867065514063032E-4
0.032,3.5769230769230766,1482,828,11041,381647100,2.283313E8,855909500,2.0872199378552114E-4,2.0861932967541907E-4,2.0867065514063032E-4
0.016,3.5769230769230766,1524,828,11041,384055600,2.249319E8,855909500,2.0879407076956902E-4,2.0861932967541907E-4,2.0867065514063032E-4
0.008,3.5769230769230766,1703,828,11041,432218700,2.249666E8,855909500,2.0855887047366295E-4,2.0861932967541907E-4,2.0867065514063032E-4
0.004,3.5769230769230766,1804,828,11041,461198100,2.282461E8,855909500,2.086589314902465E-4,2.0861932967541907E-4,2.0867065514063032E-4
0.002,3.5769230769230766,1708,828,11041,433946100,2.318655E8,855909500,2.0871487376372677E-4,2.0861932967541907E-4,2.0867065514063032E-4
0.001,3.5769230769230766,1687,828,11041,435671700,2.256857E8,855909500,2.086691116618411E-4,2.0861932967541907E-4,2.0867065514063032E-4
5.0E-4,3.5769230769230766,1747,828,11041,455793000,2.262168E8,855909500,2.0882946282729797E-4,2.0861932967541907E-4,2.0867065514063032E-4
2.5E-4,3.5769230769230766,1759,828,11041,462390700,2.275454E8,855909500,2.085731731747975E-4,2.0880581603865966E-4,2.0867065514063032E-4
1.25E-4,3.5769230769230766,1785,858,11041,473608500,2.390319E8,855909500,2.086722309634359E-4,2.0859073492907054E-4,2.0867065514063032E-4
6.25E-5,3.5769230769230766,1789,914,11041,496649700,2.635927E8,855909500,2.0859969378572707E-4,2.088389298694482E-4,2.0867065514063032E-4
3.125E-5,3.5769230769230766,1901,936,11041,558979100,2.822454E8,855909500,2.0864297659772824E-4,2.0860534569266953E-4,2.0867065514063032E-4
1.5625E-5,3.5769230769230766,1942,952,11041,624914100,2.926717E8,855909500,2.0861780414227482E-4,2.0852092604539685E-4,2.0867065514063032E-4
1.024,4.089743589743589,1668,1583,12070,412854500,4.018481E8,944145500,1.7357016192220964E-4,1.7356961218162326E-4,1.7364647302520186E-4
0.512,4.089743589743589,1668,1583,12070,419026800,4.034939E8,944145500,1.7357016192220964E-4,1.7356961218162326E-4,1.7364647302520186E-4
0.256,4.089743589743589,1668,1583,12070,421150200,4.065445E8,944145500,1.7357016192220964E-4,1.7356961218162326E-4,1.7364647302520186E-4
0.128,4.089743589743589,1709,1583,12070,425599200,4.068194E8,944145500,1.7369353781759855E-4,1.7356961218162326E-4,1.7364647302520186E-4
0.064,4.089743589743589,1733,1583,12070,443084000,4.151543E8,944145500,1.7366254042616713E-4,1.73574813434052E-4,1.7364647302520186E-4
0.032,4.089743589743589,1697,1605,12070,448668900,4.2211E8,944145500,1.7375171581957005E-4,1.7376851284045536E-4,1.7364647302520186E-4
0.016,4.089743589743589,1969,1605,12070,504731500,4.179843E8,944145500,1.7354600630536954E-4,1.7376851284045536E-4,1.7364647302520186E-4
0.008,4.089743589743589,1882,1605,12070,478295100,4.156108E8,944145500,1.7373836038947488E-4,1.7376851284045536E-4,1.7364647302520186E-4
0.004,4.089743589743589,1324,1702,12070,359225300,4.388027E8,944145500,1.7357277059959486E-4,1.7354688467652313E-4,1.7364647302520186E-4
0.002,4.089743589743589,2018,1702,12070,516554300,4.337315E8,944145500,1.737183710514012E-4,1.7354688467652313E-4,1.7364647302520186E-4
0.001,4.089743589743589,1869,1702,12070,485509000,4.421475E8,944145500,1.73706621095171E-4,1.7354688467652313E-4,1.7364647302520186E-4
5.0E-4,4.089743589743589,1939,1655,12070,498421000,4.318441E8,944145500,1.736108669664338E-4,1.7353176681955684E-4,1.7364647302520186E-4
2.5E-4,4.089743589743589,2042,1655,12070,532597100,4.302349E8,944145500,1.7367809502433218E-4,1.7379255039484676E-4,1.7364647302520186E-4
1.25E-4,4.089743589743589,1873,1692,12070,505664400,4.463772E8,944145500,1.7367350626518174E-4,1.7371907822261168E-4,1.7364647302520186E-4
6.25E-5,4.089743589743589,2020,1836,12070,558400200,4.890078E8,944145500,1.736397152163338E-4,1.73574268623633E-4,1.7364647302520186E-4
3.125E-5,4.089743589743589,2130,2016,12070,636999400,5.695726E8,944145500,1.7358308129411526E-4,1.7364068908320984E-4,1.7364647302520186E-4
1.5625E-5,4.089743589743589,2210,2060,12070,697458100,5.654793E8,944145500,1.7352111271440318E-4,1.7357678801754872E-4,1.7364647302520186E-4
1.024,4.602564102564102,1634,1756,13060,420191300,4.474758E8,1024666900,1.4528011059922186E-4,1.4520808494933313E-4,1.4528913273892385E-4
0.512,4.602564102564102,1634,1756,13060,421153700,4.530677E8,1024666900,1.4528011059922186E-4,1.4520808494933313E-4,1.4528913273892385E-4
0.256,4.602564102564102,1634,1756,13060,416815400,4.542369E8,1024666900,1.4528011059922186E-4,1.4520808494933313E-4,1.4528913273892385E-4
0.128,4.602564102564102,1887,1756,13060,492948000,4.691851E8,1024666900,1.4532202864991905E-4,1.4520808494933313E-4,1.4528913273892385E-4
0.064,4.602564102564102,1874,1756,13060,486694600,4.538676E8,1024666900,1.453358744585298E-4,1.4520808494933313E-4,1.4528913273892385E-4
0.032,4.602564102564102,1970,1137,13060,518814100,3.042398E8,1024666900,1.4529215536751572E-4,1.4530051478856E-4,1.4528913273892385E-4
0.016,4.602564102564102,1975,1137,13060,518386800,3.0431E8,1024666900,1.4523132966404173E-4,1.4530051478856E-4,1.4528913273892385E-4
0.008,4.602564102564102,1891,1137,13060,490403200,3.047606E8,1024666900,1.4527830196264802E-4,1.4530051478856E-4,1.4528913273892385E-4
0.004,4.602564102564102,1982,1169,13060,519782200,3.241878E8,1024666900,1.4523523385068238E-4,1.4541259440581378E-4,1.4528913273892385E-4
0.002,4.602564102564102,1970,1169,13060,513652300,3.164761E8,1024666900,1.452550211133996E-4,1.4541259440581378E-4,1.4528913273892385E-4
0.001,4.602564102564102,1978,1169,13060,506903200,3.107153E8,1024666900,1.4528911122269061E-4,1.4541259440581378E-4,1.4528913273892385E-4
5.0E-4,4.602564102564102,1960,1169,13060,507179200,3.080968E8,1024666900,1.4520587650912464E-4,1.4541259440581378E-4,1.4528913273892385E-4
2.5E-4,4.602564102564102,1852,1169,13060,494766900,3.129818E8,1024666900,1.45311351798183E-4,1.4541259440581378E-4,1.4528913273892385E-4
1.25E-4,4.602564102564102,1934,1198,13060,518803400,3.217661E8,1024666900,1.4524286473605041E-4,1.451961516846234E-4,1.4528913273892385E-4
6.25E-5,4.602564102564102,2134,1228,13060,595552000,3.348984E8,1024666900,1.4528936688740224E-4,1.4520006303575528E-4,1.4528913273892385E-4
3.125E-5,4.602564102564102,2289,1329,13060,668314200,3.735865E8,1024666900,1.4532219635976507E-4,1.452882977410752E-4,1.4528913273892385E-4
1.5625E-5,4.602564102564102,2242,1336,13060,704086400,3.990318E8,1024666900,1.452778636978902E-4,1.4532977642200962E-4,1.4528913273892385E-4
1.024,5.115384615384615,1920,1276,13957,486893100,3.318714E8,1094285300,1.2206124571145782E-4,1.220852496103264E-4,1.2203482743922134E-4
0.512,5.115384615384615,1920,1276,13957,490795800,3.46957E8,1094285300,1.2206124571145782E-4,1.220852496103264E-4,1.2203482743922134E-4
0.256,5.115384615384615,1920,1276,13957,489514300,3.315154E8,1094285300,1.2206124571145782E-4,1.220852496103264E-4,1.2203482743922134E-4
0.128,5.115384615384615,1915,1276,13957,484154700,3.348339E8,1094285300,1.2214688480916003E-4,1.220852496103264E-4,1.2203482743922134E-4
0.064,5.115384615384615,1797,1276,13957,463088200,3.376391E8,1094285300,1.2203474150074278E-4,1.220852496103264E-4,1.2203482743922134E-4
0.032,5.115384615384615,1997,1842,13957,525972600,4.798282E8,1094285300,1.2197997392826565E-4,1.2202030496821781E-4,1.2203482743922134E-4
0.016,5.115384615384615,2115,1707,13957,542592200,4.399344E8,1094285300,1.2200591522593118E-4,1.2204612076172072E-4,1.2203482743922134E-4
0.008,5.115384615384615,2016,1732,13957,518157700,4.44837E8,1094285300,1.2206967621408715E-4,1.2197129453594968E-4,1.2203482743922134E-4
0.004,5.115384615384615,2062,1712,13957,525042700,4.399588E8,1094285300,1.2208130013735552E-4,1.2192072557071221E-4,1.2203482743922134E-4
0.002,5.115384615384615,2103,1747,13957,552064200,4.49909E8,1094285300,1.2204962907802486E-4,1.2202721862075716E-4,1.2203482743922134E-4
0.001,5.115384615384615,2006,1775,13957,516238700,4.546126E8,1094285300,1.221315921877686E-4,1.2211634103542757E-4,1.2203482743922134E-4
5.0E-4,5.115384615384615,2188,1780,13957,563135500,4.664393E8,1094285300,1.2211087821656363E-4,1.2196525374452705E-4,1.2203482743922134E-4
2.5E-4,5.115384615384615,2071,1747,13957,541703400,4.583427E8,1094285300,1.220195597259055E-4,1.2209157865605835E-4,1.2203482743922134E-4
1.25E-4,5.115384615384615,2062,1786,13957,550796200,4.666179E8,1094285300,1.2204221032785512E-4,1.221011589948029E-4,1.2203482743922134E-4
6.25E-5,5.115384615384615,2137,1970,13957,603608300,5.187248E8,1094285300,1.2207107454953459E-4,1.2193936044657683E-4,1.2203482743922134E-4
3.125E-5,5.115384615384615,2199,2114,13957,649531200,5.73948E8,1094285300,1.2201125856781125E-4,1.220283281125889E-4,1.2203482743922134E-4
1.5625E-5,5.115384615384615,2339,2171,13957,728268700,6.183827E8,1094285300,1.2203407577304759E-4,1.2203792051901363E-4,1.2203482743922134E-4
1.024,5.628205128205128,2085,1451,14856,546631000,3.830617E8,1174637800,1.0935606553186261E-4,1.0931284112269957E-4,1.0929921027602596E-4
0.512,5.628205128205128,2085,1451,14856,541765100,3.838755E8,1174637800,1.0935606553186261E-4,1.0931284112269957E-4,1.0929921027602596E-4
0.256,5.628205128205128,2085,1451,14856,540139900,3.802189E8,1174637800,1.0935606553186261E-4,1.0931284112269957E-4,1.0929921027602596E-4
0.128,5.628205128205128,2075,1451,14856,535528500,3.780211E8,1174637800,1.0923299576937051E-4,1.0931284112269957E-4,1.0929921027602596E-4
0.064,5.628205128205128,1852,1451,14856,488313700,3.763325E8,1174637800,1.0932527761609023E-4,1.0931284112269957E-4,1.0929921027602596E-4
0.032,5.628205128205128,2030,1910,14856,524549500,4.941397E8,1174637800,1.0935086725061272E-4,1.092639006549101E-4,1.0929921027602596E-4
0.016,5.628205128205128,2104,1828,14856,544955600,4.736162E8,1174637800,1.093146241258891E-4,1.0938257280868058E-4,1.0929921027602596E-4
0.008,5.628205128205128,1926,1828,14856,497827500,4.695334E8,1174637800,1.0934209453383748E-4,1.0938257280868058E-4,1.0929921027602596E-4
0.004,5.628205128205128,2097,1828,14856,539752700,4.658114E8,1174637800,1.0929204329090947E-4,1.0938257280868058E-4,1.0929921027602596E-4
0.002,5.628205128205128,2035,1936,14856,523253900,5.015761E8,1174637800,1.0931803951319541E-4,1.0938813901728572E-4,1.0929921027602596E-4
0.001,5.628205128205128,2049,1936,14856,528891900,4.933301E8,1174637800,1.0937077688344399E-4,1.0938813901728572E-4,1.0929921027602596E-4
5.0E-4,5.628205128205128,2203,1967,14856,572917100,5.050178E8,1174637800,1.0931953636483804E-4,1.093536038656584E-4,1.0929921027602596E-4
2.5E-4,5.628205128205128,2015,1954,14856,529631500,5.0965E8,1174637800,1.0931939731140261E-4,1.092480148094932E-4,1.0929921027602596E-4
1.25E-4,5.628205128205128,2178,1977,14856,592465000,5.196155E8,1174637800,1.093203299828982E-4,1.093254181456782E-4,1.0929921027602596E-4
6.25E-5,5.628205128205128,2255,2093,14856,651525900,5.695344E8,1174637800,1.0922305421368073E-4,1.0941518562035402E-4,1.0929921027602596E-4
3.125E-5,5.628205128205128,2348,2298,14856,695922700,6.472694E8,1174637800,1.0931001527381135E-4,1.0932738508517836E-4,1.0929921027602596E-4
1.5625E-5,5.628205128205128,2327,2324,14856,722244900,6.595257E8,1174637800,1.0924417910995743E-4,1.0934716154387125E-4,1.0929921027602596E-4
1.024,6.1410256410256405,1693,1459,15662,449288300,3.866745E8,1262940900,9.236717008553885E-5,9.238150433810155E-5,9.240700157442383E-5
0.512,6.1410256410256405,1693,1459,15662,451974600,3.94485E8,1262940900,9.236717008553885E-5,9.238150433810155E-5,9.240700157442383E-5
0.256,6.1410256410256405,1693,1459,15662,444794200,3.859211E8,1262940900,9.236717008553885E-5,9.238150433810155E-5,9.240700157442383E-5
0.128,6.1410256410256405,1655,1459,15662,433094200,3.852392E8,1262940900,9.237492891878141E-5,9.238150433810155E-5,9.240700157442383E-5
0.064,6.1410256410256405,1756,1459,15662,462667400,3.851797E8,1262940900,9.24057529736455E-5,9.238150433810155E-5,9.240700157442383E-5
0.032,6.1410256410256405,1999,1820,15662,521924600,4.834236E8,1262940900,9.2486878110698E-5,9.239481504164093E-5,9.240700157442383E-5
0.016,6.1410256410256405,2104,1837,15662,551205200,5.365856E8,1262940900,9.232984178486614E-5,9.246692154163405E-5,9.240700157442383E-5
0.008,6.1410256410256405,2105,1826,15662,559129200,4.792801E8,1262940900,9.235647284744353E-5,9.24885586305324E-5,9.240700157442383E-5
0.004,6.1410256410256405,1950,1785,15662,511677600,4.67973E8,1262940900,9.245503169796887E-5,9.239776465430616E-5,9.240700157442383E-5
0.002,6.1410256410256405,2105,1918,15662,555499700,5.021624E8,1262940900,9.24526249177493E-5,9.238404065425865E-5,9.240700157442383E-5
0.001,6.1410256410256405,2098,1889,15662,554839900,4.929719E8,1262940900,9.241793257108721E-5,9.244530458973887E-5,9.240700157442383E-5
5.0E-4,6.1410256410256405,2079,1910,15662,564939400,5.071978E8,1262940900,9.244896570503869E-5,9.23848928592319E-5,9.240700157442383E-5
2.5E-4,6.1410256410256405,2073,1928,15662,555891700,5.049865E8,1262940900,9.236621400576794E-5,9.239868551902397E-5,9.240700157442383E-5
1.25E-4,6.1410256410256405,2213,2075,15662,608020900,5.502296E8,1262940900,9.24028845099567E-5,9.234645733924296E-5,9.240700157442383E-5
6.25E-5,6.1410256410256405,2264,2165,15662,668419000,5.982537E8,1262940900,9.243737638520155E-5,9.237493590219525E-5,9.240700157442383E-5
3.125E-5,6.1410256410256405,2420,2317,15662,747647800,6.480025E8,1262940900,9.236461388117956E-5,9.235599176826703E-5,9.240700157442383E-5
1.5625E-5,6.1410256410256405,2438,2407,15662,767552500,6.843668E8,1262940900,9.237626675573374E-5,9.240541674326863E-5,9.240700157442383E-5
1.024,6.653846153846153,1652,1885,16495,428870000,5.075187E8,1305282100,8.322854577902383E-5,8.319977233750553E-5,8.317938782609335E-5
0.512,6.653846153846153,1652,1885,16495,436432500,4.930498E8,1305282100,8.322854577902383E-5,8.319977233750553E-5,8.317938782609335E-5
0.256,6.653846153846153,1611,1885,16495,425561600,4.865793E8,1305282100,8.321178241788019E-5,8.319977233750553E-5,8.317938782609335E-5
0.128,6.653846153846153,1611,1765,16495,435108200,4.545804E8,1305282100,8.321178241788019E-5,8.311393409821122E-5,8.317938782609335E-5
0.064,6.653846153846153,1757,1859,16495,453151700,4.816244E8,1305282100,8.314890772898043E-5,8.312690141398793E-5,8.317938782609335E-5
0.032,6.653846153846153,1987,1813,16495,513244300,4.702004E8,1305282100,8.324401474635312E-5,8.320673129957878E-5,8.317938782609335E-5
0.016,6.653846153846153,2017,1821,16495,535671100,4.695728E8,1305282100,8.32268098789335E-5,8.320798420669018E-5,8.317938782609335E-5
0.008,6.653846153846153,2017,1842,16495,520350400,4.825609E8,1305282100,8.320939783246217E-5,8.324208839971536E-5,8.317938782609335E-5
0.004,6.653846153846153,1987,1879,16495,519366200,4.845455E8,1305282100,8.325641196949007E-5,8.325097889128052E-5,8.317938782609335E-5
0.002,6.653846153846153,2117,1879,16495,548376300,4.820058E8,1305282100,8.319377852716858E-5,8.325097889128052E-5,8.317938782609335E-5
0.001,6.653846153846153,1913,1901,16495,498884600,4.944898E8,1305282100,8.317053102280259E-5,8.32536947285023E-5,8.317938782609335E-5
5.0E-4,6.653846153846153,2021,1973,16495,523800600,5.209913E8,1305282100,8.316519082740559E-5,8.318956050257231E-5,8.317938782609335E-5
2.5E-4,6.653846153846153,1941,1903,16495,523294200,4.985827E8,1305282100,8.313506105517288E-5,8.315237206724113E-5,8.317938782609335E-5
1.25E-4,6.653846153846153,2267,2055,16495,637693800,5.466225E8,1305282100,8.317126522372487E-5,8.322797569615403E-5,8.317938782609335E-5
6.25E-5,6.653846153846153,2546,2238,16495,732123700,6.037464E8,1305282100,8.316771458727334E-5,8.317327078777303E-5,8.317938782609335E-5
3.125E-5,6.653846153846153,2475,2487,16495,744724500,6.857246E8,1305282100,8.311780200742636E-5,8.317460957596445E-5,8.317938782609335E-5
1.5625E-5,6.653846153846153,2574,2447,16495,800505500,6.96135E8,1305282100,8.325097413597327E-5,8.315108590439824E-5,8.317938782609335E-5
1.024,7.166666666666666,1793,2018,17326,462534300,5.290877E8,1363661400,7.503256167762373E-5,7.511159081641239E-5,7.504660247092954E-5
0.512,7.166666666666666,1793,2018,17326,460068100,5.284042E8,1363661400,7.503256167762373E-5,7.511159081641239E-5,7.504660247092954E-5
0.256,7.166666666666666,1806,2018,17326,498639600,5.25766E8,1363661400,7.508836205605274E-5,7.511159081641239E-5,7.504660247092954E-5
0.128,7.166666666666666,1806,1884,17326,470281200,4.851572E8,1363661400,7.508836205605274E-5,7.501043966673393E-5,7.504660247092954E-5
0.064,7.166666666666666,1877,1884,17326,493519300,4.879348E8,1363661400,7.505975324717529E-5,7.501043966673393E-5,7.504660247092954E-5
0.032,7.166666666666666,2088,1936,17326,533984900,4.931149E8,1363661400,7.505455702816466E-5,7.508777782649911E-5,7.504660247092954E-5
0.016,7.166666666666666,2265,1933,17326,589145000,5.018271E8,1363661400,7.500915563385391E-5,7.501107120877482E-5,7.504660247092954E-5
0.008,7.166666666666666,2086,1933,17326,540964800,5.063863E8,1363661400,7.503562479027615E-5,7.501107120877482E-5,7.504660247092954E-5
0.004,7.166666666666666,2071,1935,17326,550288700,5.2189E8,1363661400,7.505396733031855E-5,7.510806593924446E-5,7.504660247092954E-5
0.002,7.166666666666666,2155,1935,17326,564251200,4.995206E8,1363661400,7.499086895701446E-5,7.510806593924446E-5,7.504660247092954E-5
0.001,7.166666666666666,2187,1932,17326,598643900,5.119495E8,1363661400,7.505059931078861E-5,7.503351207449604E-5,7.504660247092954E-5
5.0E-4,7.166666666666666,2157,1987,17326,574342800,5.245658E8,1363661400,7.504539923652853E-5,7.503459157409686E-5,7.504660247092954E-5
2.5E-4,7.166666666666666,2097,1996,17326,564198500,5.251817E8,1363661400,7.50502962264532E-5,7.500655927383804E-5,7.504660247092954E-5
1.25E-4,7.166666666666666,2312,2068,17326,636509100,5.588587E8,1363661400,7.507012843466221E-5,7.50968389257034E-5,7.504660247092954E-5
6.25E-5,7.166666666666666,2483,2339,17326,716446000,6.601123E8,1363661400,7.506365000575776E-5,7.509768399449612E-5,7.504660247092954E-5
3.125E-5,7.166666666666666,2761,2416,17326,848037800,6.688178E8,1363661400,7.507760741165548E-5,7.498106401715443E-5,7.504660247092954E-5
1.5625E-5,7.166666666666666,2702,2590,17326,865687200,7.333249E8,1363661400,7.502356088584516E-5,7.505190282630636E-5,7.504660247092954E-5
1.024,7.679487179487179,1955,1824,18132,518553200,4.816671E8,1450595400,6.785037023260276E-5,6.78445140392947E-5,6.784853530872326E-5
0.512,7.679487179487179,1955,1824,18132,517778300,5.057592E8,1450595400,6.785037023260276E-5,6.78445140392947E-5,6.784853530872326E-5
0.256,7.679487179487179,1976,1824,18132,518969700,4.808356E8,1450595400,6.783582855207637E-5,6.78445140392947E-5,6.784853530872326E-5
0.128,7.679487179487179,1976,1824,18132,516802100,4.837334E8,1450595400,6.783582855207637E-5,6.78445140392947E-5,6.784853530872326E-5
0.064,7.679487179487179,2035,1824,18132,532887300,4.743781E8,1450595400,6.787211477754518E-5,6.78445140392947E-5,6.784853530872326E-5
0.032,7.679487179487179,2140,1952,18132,555229400,5.141139E8,1450595400,6.786179219120392E-5,6.789341668933524E-5,6.784853530872326E-5
0.016,7.679487179487179,2296,1977,18132,607681800,5.227625E8,1450595400,6.783882975447408E-5,6.783639432050848E-5,6.784853530872326E-5
0.008,7.679487179487179,2142,1958,18132,572102800,5.265761E8,1450595400,6.779661655409441E-5,6.788825174186552E-5,6.784853530872326E-5
0.004,7.679487179487179,2202,1958,18132,592200400,5.031579E8,1450595400,6.780748121348878E-5,6.788825174186552E-5,6.784853530872326E-5
0.002,7.679487179487179,2223,1958,18132,574737100,5.091416E8,1450595400,6.786691985294357E-5,6.788825174186552E-5,6.784853530872326E-5
0.001,7.679487179487179,2389,1968,18132,620707800,5.068888E8,1450595400,6.781848836412419E-5,6.782434946250859E-5,6.784853530872326E-5
5.0E-4,7.679487179487179,2254,2014,18132,586878100,5.197563E8,1450595400,6.784593045483511E-5,6.786765146027385E-5,6.784853530872326E-5
2.5E-4,7.679487179487179,2221,2011,18132,593806600,5.315377E8,1450595400,6.782495067736427E-5,6.78257093360557E-5,6.784853530872326E-5
1.25E-4,7.679487179487179,2399,2069,18132,659510600,5.553848E8,1450595400,6.786765471522571E-5,6.785557339694659E-5,6.784853530872326E-5
6.25E-5,7.679487179487179,2512,2310,18132,730320700,6.466549E8,1450595400,6.781270855871213E-5,6.780358722602298E-5,6.784853530872326E-5
3.125E-5,7.679487179487179,2467,2604,18132,767227100,7.246842E8,1450595400,6.788565241233613E-5,6.786595921937089E-5,6.784853530872326E-5
1.5625E-5,7.679487179487179,2513,2572,18132,820705600,7.300849E8,1450595400,6.7819410055181E-5,6.78961630408148E-5,6.784853530872326E-5
1.024,8.192307692307692,2089,1963,18915,542633600,5.093414E8,1507513400,5.7834792780986355E-5,5.779122916360624E-5,5.781371595448004E-5
0.512,8.192307692307692,2089,1963,18915,549615500,5.100593E8,1507513400,5.7834792780986355E-5,5.779122916360624E-5,5.781371595448004E-5
0.256,8.192307692307692,2197,1963,18915,569339200,5.087537E8,1507513400,5.77879836344275E-5,5.779122916360624E-5,5.781371595448004E-5
0.128,8.192307692307692,2197,1963,18915,565959000,5.097593E8,1507513400,5.77879836344275E-5,5.779122916360624E-5,5.781371595448004E-5
0.064,8.192307692307692,2172,1963,18915,561059600,5.083322E8,1507513400,5.7837664159121616E-5,5.779122916360624E-5,5.781371595448004E-5
0.032,8.192307692307692,2365,2327,18915,615987900,6.018739E8,1507513400,5.784275649711734E-5,5.783471618392433E-5,5.781371595448004E-5
0.016,8.192307692307692,2304,2034,18915,608355300,5.293466E8,1507513400,5.7769478522318174E-5,5.781018579342767E-5,5.781371595448004E-5
0.008,8.192307692307692,2326,2095,18915,604615900,5.440764E8,1507513400,5.783930649361224E-5,5.780556725776265E-5,5.781371595448004E-5
0.004,8.192307692307692,2307,2095,18915,600576500,5.461417E8,1507513400,5.779493112567646E-5,5.780556725776265E-5,5.781371595448004E-5
0.002,8.192307692307692,2296,2095,18915,597446200,5.483655E8,1507513400,5.7823380542054714E-5,5.780556725776265E-5,5.781371595448004E-5
0.001,8.192307692307692,2317,2095,18915,601653000,5.49062E8,1507513400,5.782080299066017E-5,5.780556725776265E-5,5.781371595448004E-5
5.0E-4,8.192307692307692,2490,2077,18915,659078500,5.440533E8,1507513400,5.780796930421328E-5,5.782280095834036E-5,5.781371595448004E-5
2.5E-4,8.192307692307692,2350,2103,18915,632421400,5.575247E8,1507513400,5.77839043991446E-5,5.780738049065981E-5,5.781371595448004E-5
1.25E-4,8.192307692307692,2255,2116,18915,648964400,5.881252E8,1507513400,5.781165122098475E-5,5.7811809293095706E-5,5.781371595448004E-5
6.25E-5,8.192307692307692,2572,2454,18915,757236800,6.714054E8,1507513400,5.779737099131932E-5,5.7769702566434766E-5,5.781371595448004E-5
3.125E-5,8.192307692307692,2581,2647,18915,814595300,7.381377E8,1507513400,5.7789499322891125E-5,5.775870549118434E-5,5.781371595448004E-5
1.5625E-5,8.192307692307692,2596,2561,18915,870570500,7.504818E8,1507513400,5.779743429124018E-5,5.78298366108454E-5,5.781371595448004E-5
1.024,8.705128205128204,2414,2051,19714,637138300,5.442973E8,1588915700,5.242642750702409E-5,5.2417698723439266E-5,5.2410983868989014E-5
0.512,8.705128205128204,2414,2051,19714,625122600,5.454881E8,1588915700,5.242642750702409E-5,5.2417698723439266E-5,5.2410983868989014E-5
0.256,8.705128205128204,2414,2051,19714,630581200,5.616819E8,1588915700,5.242642750702409E-5,5.2417698723439266E-5,5.2410983868989014E-5
0.128,8.705128205128204,2363,2051,19714,627565200,5.497249E8,1588915700,5.240932242678298E-5,5.2417698723439266E-5,5.2410983868989014E-5
0.064,8.705128205128204,2386,2051,19714,626664400,5.439991E8,1588915700,5.241199816830022E-5,5.2417698723439266E-5,5.2410983868989014E-5
0.032,8.705128205128204,2508,2165,19714,656770800,5.761431E8,1588915700,5.241396517885466E-5,5.2405906932007085E-5,5.2410983868989014E-5
0.016,8.705128205128204,2413,2153,19714,655019600,5.776247E8,1588915700,5.242691892093365E-5,5.242769380608969E-5,5.2410983868989014E-5
0.008,8.705128205128204,2464,2167,19714,646442300,5.734841E8,1588915700,5.24115019249205E-5,5.23927425680748E-5,5.2410983868989014E-5
0.004,8.705128205128204,2820,2167,19714,747371600,5.763589E8,1588915700,5.239845339455318E-5,5.23927425680748E-5,5.2410983868989014E-5
0.002,8.705128205128204,2509,2145,19714,665694200,5.694335E8,1588915700,5.240100848913354E-5,5.241600119332279E-5,5.2410983868989014E-5
0.001,8.705128205128204,2530,2160,19714,665314100,5.766232E8,1588915700,5.2428224565637116E-5,5.24357626423555E-5,5.2410983868989014E-5
5.0E-4,8.705128205128204,2537,2193,19714,696072100,5.90813E8,1588915700,5.243180912284373E-5,5.240013505458663E-5,5.2410983868989014E-5
2.5E-4,8.705128205128204,2536,2202,19714,678689200,5.830225E8,1588915700,5.2406674250549123E-5,5.241904715869161E-5,5.2410983868989014E-5
1.25E-4,8.705128205128204,2335,2248,19714,659302500,6.066587E8,1588915700,5.242942762218039E-5,5.241332527494702E-5,5.2410983868989014E-5
6.25E-5,8.705128205128204,2421,2424,19714,720118800,6.71384E8,1588915700,5.24274653066481E-5,5.240835572117852E-5,5.2410983868989014E-5
3.125E-5,8.705128205128204,2620,2501,19714,818437500,7.065706E8,1588915700,5.240237294235062E-5,5.2414502386355366E-5,5.2410983868989014E-5
1.5625E-5,8.705128205128204,2577,2530,19714,858329500,7.340906E8,1588915700,5.2418624431394E-5,5.237709576044747E-5,5.2410983868989014E-5
1.024,9.217948717948717,2515,2211,20521,655459300,5.782543E8,1626359700,4.759958296496336E-5,4.758567191676111E-5,4.7573344441720344E-5
0.512,9.217948717948717,2515,2211,20521,647677500,5.782356E8,1626359700,4.759958296496336E-5,4.758567191676111E-5,4.7573344441720344E-5
0.256,9.217948717948717,2515,2211,20521,646106100,5.79455E8,1626359700,4.759958296496336E-5,4.758567191676111E-5,4.7573344441720344E-5
0.128,9.217948717948717,2462,2211,20521,627481000,5.859086E8,1626359700,4.757459312387802E-5,4.758567191676111E-5,4.7573344441720344E-5
0.064,9.217948717948717,2462,2211,20521,637745900,5.897534E8,1626359700,4.758485651468192E-5,4.758567191676111E-5,4.7573344441720344E-5
0.032,9.217948717948717,2473,2231,20521,646046300,5.892787E8,1626359700,4.758190400211415E-5,4.760312563112379E-5,4.7573344441720344E-5
0.016,9.217948717948717,2526,2233,20521,651863800,5.813446E8,1626359700,4.757204294292272E-5,4.75823153129884E-5,4.7573344441720344E-5
0.008,9.217948717948717,2549,2233,20521,657608900,5.847168E8,1626359700,4.75752929062212E-5,4.75823153129884E-5,4.7573344441720344E-5
0.004,9.217948717948717,2554,2280,20521,666960800,5.983288E8,1626359700,4.7552855150789775E-5,4.758454019326841E-5,4.7573344441720344E-5
0.002,9.217948717948717,2532,2280,20521,660451300,5.985778E8,1626359700,4.76008032039843E-5,4.758454019326841E-5,4.7573344441720344E-5
0.001,9.217948717948717,2550,2280,20521,665324900,5.951306E8,1626359700,4.7619163247136775E-5,4.758454019326841E-5,4.7573344441720344E-5
5.0E-4,9.217948717948717,2613,2238,20521,686951300,5.859635E8,1626359700,4.758096579571269E-5,4.756995678856235E-5,4.7573344441720344E-5
2.5E-4,9.217948717948717,2612,2256,20521,709961300,5.93529E8,1626359700,4.7568865980895936E-5,4.760652792967779E-5,4.7573344441720344E-5
1.25E-4,9.217948717948717,2464,2363,20521,700271600,6.313622E8,1626359700,4.762214906572915E-5,4.761838038624955E-5,4.7573344441720344E-5
6.25E-5,9.217948717948717,2521,2460,20521,744497100,6.819531E8,1626359700,4.7606091701069E-5,4.756217755852443E-5,4.7573344441720344E-5
3.125E-5,9.217948717948717,2563,2518,20521,813497700,7.293028E8,1626359700,4.758495302925603E-5,4.756735281385982E-5,4.7573344441720344E-5
1.5625E-5,9.217948717948717,2793,2478,20521,937829500,7.346363E8,1626359700,4.761908198480658E-5,4.756885153756052E-5,4.7573344441720344E-5
1.024,9.73076923076923,2635,2379,21295,687339300,6.292374E8,1686120400,4.5980350334984266E-5,4.5931966174861394E-5,4.596080994279106E-5
0.512,9.73076923076923,2635,2379,21295,686938100,6.223352E8,1686120400,4.5980350334984266E-5,4.5931966174861394E-5,4.596080994279106E-5
0.256,9.73076923076923,2635,2379,21295,694774800,6.289939E8,1686120400,4.5980350334984266E-5,4.5931966174861394E-5,4.596080994279106E-5
0.128,9.73076923076923,2620,2379,21295,694922700,6.201292E8,1686120400,4.595862446421517E-5,4.5931966174861394E-5,4.596080994279106E-5
0.064,9.73076923076923,2613,2379,21295,681981200,6.240481E8,1686120400,4.597011421458852E-5,4.5931966174861394E-5,4.596080994279106E-5
0.032,9.73076923076923,2625,2379,21295,695764400,6.207698E8,1686120400,4.594692344483953E-5,4.5931966174861394E-5,4.596080994279106E-5
0.016,9.73076923076923,2700,2366,21295,712912700,6.203848E8,1686120400,4.594585209816149E-5,4.594843965999296E-5,4.596080994279106E-5
0.008,9.73076923076923,2626,2453,21295,691974400,6.416453E8,1686120400,4.5980314244964404E-5,4.598030185620772E-5,4.596080994279106E-5
0.004,9.73076923076923,2618,2453,21295,691469700,6.440704E8,1686120400,4.594310253414058E-5,4.598030185620772E-5,4.596080994279106E-5
0.002,9.73076923076923,2596,2453,21295,689561600,6.492717E8,1686120400,4.599023353268894E-5,4.598030185620772E-5,4.596080994279106E-5
0.001,9.73076923076923,2700,2446,21295,710768900,6.401497E8,1686120400,4.596850593685531E-5,4.595337212931483E-5,4.596080994279106E-5
5.0E-4,9.73076923076923,2710,2428,21295,722088100,6.369343E8,1686120400,4.592000957859277E-5,4.597301672726317E-5,4.596080994279106E-5
2.5E-4,9.73076923076923,2658,2434,21295,722626700,6.465056E8,1686120400,4.5947909511512286E-5,4.590909212487393E-5,4.596080994279106E-5
1.25E-4,9.73076923076923,2527,2436,21295,719817600,6.575247E8,1686120400,4.597206525802644E-5,4.595458388956253E-5,4.596080994279106E-5
6.25E-5,9.73076923076923,2461,2553,21295,746863500,7.104458E8,1686120400,4.594481988162702E-5,4.591854208446655E-5,4.596080994279106E-5
3.125E-5,9.73076923076923,2770,2600,21295,872893100,7.453457E8,1686120400,4.596617888019683E-5,4.593105635608552E-5,4.596080994279106E-5
1.5625E-5,9.73076923076923,2841,2589,21295,998108000,7.81634E8,1686120400,4.594834025306582E-5,4.594693587056664E-5,4.596080994279106E-5
1.024,10.243589743589743,2692,2406,22011,707780600,6.344151E8,1778864400,4.184575556898107E-5,4.181082521892421E-5,4.181395601121629E-5
0.512,10.243589743589743,2692,2406,22011,723507700,6.414412E8,1778864400,4.184575556898107E-5,4.181082521892421E-5,4.181395601121629E-5
0.256,10.243589743589743,2692,2406,22011,721479400,6.549844E8,1778864400,4.184575556898107E-5,4.181082521892421E-5,4.181395601121629E-5
0.128,10.243589743589743,2713,2406,22011,729677700,6.419463E8,1778864400,4.183812594404923E-5,4.181082521892421E-5,4.181395601121629E-5
0.064,10.243589743589743,2709,2406,22011,724854600,6.471164E8,1778864400,4.1812386886497244E-5,4.181082521892421E-5,4.181395601121629E-5
0.032,10.243589743589743,2675,2448,22011,718213800,6.575894E8,1778864400,4.1836045912679865E-5,4.18092518112978E-5,4.181395601121629E-5
0.016,10.243589743589743,2681,2404,22011,720102300,6.444734E8,1778864400,4.182561277499275E-5,4.178380202335408E-5,4.181395601121629E-5
0.008,10.243589743589743,2651,2439,22011,713066000,6.748276E8,1778864400,4.180850749269105E-5,4.1821351705606524E-5,4.181395601121629E-5
0.004,10.243589743589743,2675,2439,22011,727270100,6.548655E8,1778864400,4.183982436822831E-5,4.1821351705606524E-5,4.181395601121629E-5
0.002,10.243589743589743,2813,2439,22011,757410300,6.528137E8,1778864400,4.181778106160383E-5,4.1821351705606524E-5,4.181395601121629E-5
0.001,10.243589743589743,2726,2455,22011,730634400,6.604227E8,1778864400,4.178716394975801E-5,4.182664088958621E-5,4.181395601121629E-5
5.0E-4,10.243589743589743,2785,2471,22011,754934600,6.650298E8,1778864400,4.1820039022644195E-5,4.181858295693175E-5,4.181395601121629E-5
2.5E-4,10.243589743589743,2750,2485,22011,759829900,6.859613E8,1778864400,4.181985108175912E-5,4.1838254412951414E-5,4.181395601121629E-5
1.25E-4,10.243589743589743,2539,2446,22011,735033700,6.715708E8,1778864400,4.18295478692432E-5,4.1818968368745324E-5,4.181395601121629E-5
6.25E-5,10.243589743589743,2648,2494,22011,797221700,7.099443E8,1778864400,4.182662843854601E-5,4.180996362790346E-5,4.181395601121629E-5
3.125E-5,10.243589743589743,2956,2636,22011,942457000,7.777302E8,1778864400,4.1827246683223684E-5,4.1821998668312155E-5,4.181395601121629E-5
1.5625E-5,10.243589743589743,2933,2673,22011,999868900,7.915565E8,1778864400,4.180912994533603E-5,4.1839884077687906E-5,4.181395601121629E-5
1.024,10.756410256410255,2595,2500,22726,682118200,6.659102E8,1849843500,3.8121046475048104E-5,3.805879021856473E-5,3.8100081070413516E-5
0.512,10.756410256410255,2595,2500,22726,687635400,6.634493E8,1849843500,3.8121046475048104E-5,3.805879021856473E-5,3.8100081070413516E-5
0.256,10.756410256410255,2595,2500,22726,686595300,6.648752E8,1849843500,3.8121046475048104E-5,3.805879021856473E-5,3.8100081070413516E-5
0.128,10.756410256410255,2595,2500,22726,688456000,6.790958E8,1849843500,3.808391358828267E-5,3.805879021856473E-5,3.8100081070413516E-5
0.064,10.756410256410255,2590,2500,22726,687009800,6.572068E8,1849843500,3.81053509147522E-5,3.805879021856473E-5,3.8100081070413516E-5
0.032,10.756410256410255,2590,2500,22726,685359700,6.590425E8,1849843500,3.808912606595438E-5,3.805879021856473E-5,3.8100081070413516E-5
0.016,10.756410256410255,2577,2474,22726,781211400,6.610088E8,1849843500,3.810625015554514E-5,3.8127858599690256E-5,3.8100081070413516E-5
0.008,10.756410256410255,2565,2474,22726,688145500,6.704647E8,1849843500,3.8068606949770434E-5,3.8127858599690256E-5,3.8100081070413516E-5
0.004,10.756410256410255,2594,2474,22726,717653900,6.711683E8,1849843500,3.808804911653585E-5,3.8127858599690256E-5,3.8100081070413516E-5
0.002,10.756410256410255,2568,2474,22726,699598500,6.566333E8,1849843500,3.807012573420199E-5,3.8127858599690256E-5,3.8100081070413516E-5
0.001,10.756410256410255,2588,2519,22726,689248000,6.666419E8,1849843500,3.808752126810422E-5,3.811020472110904E-5,3.8100081070413516E-5
5.0E-4,10.756410256410255,2630,2517,22726,767006600,6.630616E8,1849843500,3.8075959561956196E-5,3.811354058835814E-5,3.8100081070413516E-5
2.5E-4,10.756410256410255,2589,2490,22726,702184600,6.752289E8,1849843500,3.811538179143703E-5,3.8090037559390666E-5,3.8100081070413516E-5
1.25E-4,10.756410256410255,2581,2445,22726,735020800,6.71803E8,1849843500,3.810406214732609E-5,3.8084952920347526E-5,3.8100081070413516E-5
6.25E-5,10.756410256410255,2527,2513,22726,762554900,7.079177E8,1849843500,3.80915103940227E-5,3.808548771522258E-5,3.8100081070413516E-5
3.125E-5,10.756410256410255,2966,2721,22726,940747400,7.905518E8,1849843500,3.811228436978453E-5,3.808674443361859E-5,3.8100081070413516E-5
1.5625E-5,10.756410256410255,2969,2730,22726,994701100,8.187194E8,1849843500,3.805969204140336E-5,3.808347317491023E-5,3.8100081070413516E-5
1.024,11.269230769230768,2632,2562,23416,704329000,6.771068E8,1907249700,3.473371955775573E-5,3.470244347203444E-5,3.473864748004818E-5
0.512,11.269230769230768,2632,2562,23416,694324900,6.776275E8,1907249700,3.473371955775573E-5,3.470244347203444E-5,3.473864748004818E-5
0.256,11.269230769230768,2668,2562,23416,710146000,6.835691E8,1907249700,3.473210826721029E-5,3.470244347203444E-5,3.473864748004818E-5
0.128,11.269230769230768,2686,2562,23416,714948100,6.806845E8,1907249700,3.47286229600563E-5,3.470244347203444E-5,3.473864748004818E-5
0.064,11.269230769230768,2691,2562,23416,713095400,6.901373E8,1907249700,3.474875440279135E-5,3.470244347203444E-5,3.473864748004818E-5
0.032,11.269230769230768,2623,2562,23416,706252900,6.743484E8,1907249700,3.474004760861682E-5,3.470244347203444E-5,3.473864748004818E-5
0.016,11.269230769230768,2632,2542,23416,701566300,6.691359E8,1907249700,3.474515658663524E-5,3.474123836333387E-5,3.473864748004818E-5
0.008,11.269230769230768,2595,2508,23416,684621700,6.63874E8,1907249700,3.4732302916617996E-5,3.471534416932265E-5,3.473864748004818E-5
0.004,11.269230769230768,2627,2508,23416,704126600,6.629553E8,1907249700,3.47267875254742E-5,3.471534416932265E-5,3.473864748004818E-5
0.002,11.269230769230768,2609,2546,23416,687928400,6.898129E8,1907249700,3.472639883361772E-5,3.471944019239892E-5,3.473864748004818E-5
0.001,11.269230769230768,2660,2538,23416,719976200,6.74689E8,1907249700,3.4735066752000776E-5,3.474868519359742E-5,3.473864748004818E-5
5.0E-4,11.269230769230768,2637,2507,23416,709813500,6.667731E8,1907249700,3.4707694255953214E-5,3.471859734449634E-5,3.473864748004818E-5
2.5E-4,11.269230769230768,2785,2561,23416,747528000,6.914185E8,1907249700,3.47377022366091E-5,3.4690042622242956E-5,3.473864748004818E-5
1.25E-4,11.269230769230768,2611,2509,23416,740512900,6.847414E8,1907249700,3.474584255591662E-5,3.475114383111322E-5,3.473864748004818E-5
6.25E-5,11.269230769230768,2787,2654,23416,848208000,7.547583E8,1907249700,3.4716267311551974E-5,3.4766261525653874E-5,3.473864748004818E-5
3.125E-5,11.269230769230768,3099,2685,23416,978577200,7.758944E8,1907249700,3.4745990070028654E-5,3.4698570977931276E-5,3.473864748004818E-5
1.5625E-5,11.269230769230768,3083,2859,23416,1025795700,8.436796E8,1907249700,3.4738364396158516E-5,3.472649890368107E-5,3.473864748004818E-5
1.024,11.782051282051281,2713,2513,24062,721375400,6.722919E8,1933883300,3.171062753182241E-5,3.168604373482431E-5,3.169057769081274E-5
0.512,11.782051282051281,2713,2513,24062,716943300,6.739688E8,1933883300,3.171062753182241E-5,3.168604373482431E-5,3.169057769081274E-5
0.256,11.782051282051281,2733,2513,24062,746270300,6.853356E8,1933883300,3.170867145529943E-5,3.168604373482431E-5,3.169057769081274E-5
0.128,11.782051282051281,2772,2513,24062,760052100,6.900899E8,1933883300,3.1678761290732105E-5,3.168604373482431E-5,3.169057769081274E-5
0.064,11.782051282051281,2760,2513,24062,744319200,6.802641E8,1933883300,3.171476191587974E-5,3.168604373482431E-5,3.169057769081274E-5
0.032,11.782051282051281,2798,2595,24062,768086900,7.113203E8,1933883300,3.1685288425453706E-5,3.1722408364687205E-5,3.169057769081274E-5
0.016,11.782051282051281,2708,2500,24062,730187800,6.776401E8,1933883300,3.169276670444976E-5,3.1676239289790686E-5,3.169057769081274E-5
0.008,11.782051282051281,2670,2524,24062,727682400,6.861957E8,1933883300,3.1687950562298006E-5,3.169155906246335E-5,3.169057769081274E-5
0.004,11.782051282051281,2762,2524,24062,742194600,6.839095E8,1933883300,3.16885912057252E-5,3.169155906246335E-5,3.169057769081274E-5
0.002,11.782051282051281,2815,2464,24062,764159300,6.668943E8,1933883300,3.1697792615026366E-5,3.1684474850357525E-5,3.169057769081274E-5
0.001,11.782051282051281,2733,2469,24062,756999100,6.746657E8,1933883300,3.168820571308739E-5,3.1673906680129704E-5,3.169057769081274E-5
5.0E-4,11.782051282051281,2590,2539,24062,707458100,6.891741E8,1933883300,3.170946150432563E-5,3.169699644189894E-5,3.169057769081274E-5
2.5E-4,11.782051282051281,2915,2597,24062,811616400,7.190317E8,1933883300,3.1695085701999304E-5,3.1690353305302565E-5,3.169057769081274E-5
1.25E-4,11.782051282051281,2620,2565,24062,758308100,7.029302E8,1933883300,3.168065736092185E-5,3.169470331165769E-5,3.169057769081274E-5
6.25E-5,11.782051282051281,2767,2464,24062,842047700,7.055526E8,1933883300,3.171731818640833E-5,3.1671961677526284E-5,3.169057769081274E-5
3.125E-5,11.782051282051281,3237,2725,24062,1050641700,8.175478E8,1933883300,3.1714196236043435E-5,3.170930072304845E-5,3.169057769081274E-5
1.5625E-5,11.782051282051281,3265,2880,24062,1125637600,8.838854E8,1933883300,3.168561080246768E-5,3.168655862051395E-5,3.169057769081274E-5
1.024,12.294871794871794,2695,2607,24700,732685500,6.945131E8,1997280700,3.075466287449924E-5,3.077941430207343E-5,3.076169350424429E-5
0.512,12.294871794871794,2695,2607,24700,729446200,6.960358E8,1997280700,3.075466287449924E-5,3.077941430207343E-5,3.076169350424429E-5
0.256,12.294871794871794,2636,2607,24700,722602400,7.046947E8,1997280700,3.074590518770126E-5,3.077941430207343E-5,3.076169350424429E-5
0.128,12.294871794871794,2737,2607,24700,736383300,6.956388E8,1997280700,3.077452360789046E-5,3.077941430207343E-5,3.076169350424429E-5
0.064,12.294871794871794,2737,2607,24700,738419300,7.019379E8,1997280700,3.077452360789046E-5,3.077941430207343E-5,3.076169350424429E-5
0.032,12.294871794871794,2716,2607,24700,726875200,6.977509E8,1997280700,3.077316600608171E-5,3.077941430207343E-5,3.076169350424429E-5
0.016,12.294871794871794,2689,2607,24700,720953900,7.064349E8,1997280700,3.0744334120758054E-5,3.076699715165443E-5,3.076169350424429E-5
0.008,12.294871794871794,2610,2602,24700,721725800,7.063492E8,1997280700,3.0748082837206425E-5,3.075407671482289E-5,3.076169350424429E-5
0.004,12.294871794871794,2612,2566,24700,712890600,6.853613E8,1997280700,3.076202809582096E-5,3.071978194502112E-5,3.076169350424429E-5
0.002,12.294871794871794,2699,2566,24700,726245700,6.860294E8,1997280700,3.074572919903318E-5,3.071978194502112E-5,3.076169350424429E-5
0.001,12.294871794871794,2775,2620,24700,749283800,7.010052E8,1997280700,3.077782744664859E-5,3.076019634995486E-5,3.076169350424429E-5
5.0E-4,12.294871794871794,2577,2613,24700,712355200,7.064094E8,1997280700,3.0773638561631955E-5,3.075387427842191E-5,3.076169350424429E-5
2.5E-4,12.294871794871794,3096,2640,24700,839435500,7.19904E8,1997280700,3.0766462007503215E-5,3.077430096520839E-5,3.076169350424429E-5
1.25E-4,12.294871794871794,2643,2540,24700,755473600,7.08627E8,1997280700,3.074479255149587E-5,3.0763489899054974E-5,3.076169350424429E-5
6.25E-5,12.294871794871794,2689,2719,24700,812500400,7.739247E8,1997280700,3.075997970691802E-5,3.075613482761419E-5,3.076169350424429E-5
3.125E-5,12.294871794871794,3159,2633,24700,1010278700,7.778373E8,1997280700,3.075114201611662E-5,3.0771488607750364E-5,3.076169350424429E-5
1.5625E-5,12.294871794871794,3228,2863,24700,1104138700,8.722801E8,1997280700,3.074979747408335E-5,3.07684044885681E-5,3.076169350424429E-5
1.024,12.807692307692307,2864,2712,25309,768547100,7.283945E8,2044466000,2.81118216249876E-5,2.8119302842521954E-5,2.8123186718742588E-5
0.512,12.807692307692307,2864,2712,25309,775955700,7.360488E8,2044466000,2.81118216249876E-5,2.8119302842521954E-5,2.8123186718742588E-5
0.256,12.807692307692307,2934,2712,25309,789328500,7.216819E8,2044466000,2.811287685700048E-5,2.8119302842521954E-5,2.8123186718742588E-5
0.128,12.807692307692307,2934,2712,25309,785105400,7.291282E8,2044466000,2.811287685700048E-5,2.8119302842521954E-5,2.8123186718742588E-5
0.064,12.807692307692307,2843,2712,25309,754611500,7.210816E8,2044466000,2.81224317852935E-5,2.8119302842521954E-5,2.8123186718742588E-5
0.032,12.807692307692307,2843,2712,25309,761133300,7.321372E8,2044466000,2.81224317852935E-5,2.8119302842521954E-5,2.8123186718742588E-5
0.016,12.807692307692307,2813,2742,25309,760490300,7.281929E8,2044466000,2.811500098276465E-5,2.8104550210517054E-5,2.8123186718742588E-5
0.008,12.807692307692307,2857,2645,25309,760014500,7.054772E8,2044466000,2.8120292603461827E-5,2.8092665384171767E-5,2.8123186718742588E-5
0.004,12.807692307692307,2930,2645,25309,789604100,7.118897E8,2044466000,2.8110558279781372E-5,2.8092665384171767E-5,2.8123186718742588E-5
0.002,12.807692307692307,2808,2645,25309,757293300,7.14872E8,2044466000,2.812057641932153E-5,2.8092665384171767E-5,2.8123186718742588E-5
0.001,12.807692307692307,2865,2712,25309,792454600,7.449403E8,2044466000,2.8108099251134E-5,2.8120347144389157E-5,2.8123186718742588E-5
5.0E-4,12.807692307692307,2790,2717,25309,778114000,7.3162E8,2044466000,2.8103570500426223E-5,2.8118738886417916E-5,2.8123186718742588E-5
2.5E-4,12.807692307692307,3194,2651,25309,872782800,7.201891E8,2044466000,2.8107230478080503E-5,2.8123654727707503E-5,2.8123186718742588E-5
1.25E-4,12.807692307692307,2804,2597,25309,803461600,7.225336E8,2044466000,2.810858878765643E-5,2.8101220482912304E-5,2.8123186718742588E-5
6.25E-5,12.807692307692307,3016,2624,25309,935355700,7.555035E8,2044466000,2.8125846281534805E-5,2.811599379437535E-5,2.8123186718742588E-5
3.125E-5,12.807692307692307,3324,2751,25309,1073866500,8.239789E8,2044466000,2.8124550217611954E-5,2.8132909759670532E-5,2.8123186718742588E-5
1.5625E-5,12.807692307692307,3271,2910,25309,1131200900,8.949185E8,2044466000,2.8143605328767585E-5,2.811440888172978E-5,2.8123186718742588E-5
1.024,13.32051282051282,2796,2712,25897,772831400,7.318393E8,2152764800,2.5716218992499762E-5,2.5717095724298034E-5,2.5716035953471383E-5
0.512,13.32051282051282,2796,2712,25897,766395800,7.368932E8,2152764800,2.5716218992499762E-5,2.5717095724298034E-5,2.5716035953471383E-5
0.256,13.32051282051282,2856,2712,25897,785070100,7.473573E8,2152764800,2.572064771932947E-5,2.5717095724298034E-5,2.5716035953471383E-5
0.128,13.32051282051282,2856,2712,25897,778501000,7.269927E8,2152764800,2.572064771932947E-5,2.5717095724298034E-5,2.5716035953471383E-5
0.064,13.32051282051282,2866,2712,25897,780285600,7.33375E8,2152764800,2.5732449552950953E-5,2.5717095724298034E-5,2.5716035953471383E-5
0.032,13.32051282051282,2866,2712,25897,772057000,7.27214E8,2152764800,2.5732449552950953E-5,2.5717095724298034E-5,2.5716035953471383E-5
0.016,13.32051282051282,2949,2712,25897,791553000,7.273685E8,2152764800,2.5716219335891743E-5,2.5717095724298034E-5,2.5716035953471383E-5
0.008,13.32051282051282,2981,2758,25897,800789700,7.428775E8,2152764800,2.5726621228461255E-5,2.5725084646155416E-5,2.5716035953471383E-5
0.004,13.32051282051282,2839,2777,25897,778220600,7.540638E8,2152764800,2.5699061649397947E-5,2.5711474158862657E-5,2.5716035953471383E-5
0.002,13.32051282051282,2820,2777,25897,775418000,7.469315E8,2152764800,2.572311414850148E-5,2.5711474158862657E-5,2.5716035953471383E-5
0.001,13.32051282051282,2806,2693,25897,758981400,7.22401E8,2152764800,2.5705117412844203E-5,2.5739194194907E-5,2.5716035953471383E-5
5.0E-4,13.32051282051282,2902,2770,25897,788168500,7.431654E8,2152764800,2.570856938932664E-5,2.5713575263042188E-5,2.5716035953471383E-5
2.5E-4,13.32051282051282,2875,2798,25897,804311400,7.689614E8,2152764800,2.5710610722540217E-5,2.570811497881742E-5,2.5716035953471383E-5
1.25E-4,13.32051282051282,2962,2630,25897,857237300,7.245901E8,2152764800,2.5729199905399902E-5,2.5714824994027552E-5,2.5716035953471383E-5
6.25E-5,13.32051282051282,2711,2653,25897,818095300,7.546628E8,2152764800,2.572098011421886E-5,2.571293165842814E-5,2.5716035953471383E-5
3.125E-5,13.32051282051282,3359,2831,25897,1066113500,8.353903E8,2152764800,2.5708301761961927E-5,2.5723151541923173E-5,2.5716035953471383E-5
1.5625E-5,13.32051282051282,3320,2974,25897,1140233000,9.143352E8,2152764800,2.572626667485256E-5,2.5711363275116028E-5,2.5716035953471383E-5
1.024,13.833333333333332,2844,2718,26479,769476700,7.248042E8,2130732200,2.5019775179879744E-5,2.5027887959216955E-5,2.5012715502370497E-5
0.512,13.833333333333332,2844,2718,26479,769209100,7.241752E8,2130732200,2.5019775179879744E-5,2.5027887959216955E-5,2.5012715502370497E-5
0.256,13.833333333333332,2842,2718,26479,772280900,7.383341E8,2130732200,2.500745729305809E-5,2.5027887959216955E-5,2.5012715502370497E-5
0.128,13.833333333333332,2842,2718,26479,779470100,7.609048E8,2130732200,2.500745729305809E-5,2.5027887959216955E-5,2.5012715502370497E-5
0.064,13.833333333333332,2759,2718,26479,746133600,7.267171E8,2130732200,2.501324628545465E-5,2.5027887959216955E-5,2.5012715502370497E-5
0.032,13.833333333333332,2759,2718,26479,745545100,7.304891E8,2130732200,2.501324628545465E-5,2.5027887959216955E-5,2.5012715502370497E-5
0.016,13.833333333333332,2768,2718,26479,749229500,7.348935E8,2130732200,2.502171345231119E-5,2.5027887959216955E-5,2.5012715502370497E-5
0.008,13.833333333333332,2847,2712,26479,775689600,7.306009E8,2130732200,2.501020030132306E-5,2.502769617929168E-5,2.5012715502370497E-5
0.004,13.833333333333332,2764,2712,26479,748215300,7.364081E8,2130732200,2.5014032302261846E-5,2.502769617929168E-5,2.5012715502370497E-5
0.002,13.833333333333332,2845,2712,26479,770259800,7.253639E8,2130732200,2.5005290772650568E-5,2.502769617929168E-5,2.5012715502370497E-5
0.001,13.833333333333332,2809,2731,26479,756498000,7.309862E8,2130732200,2.5025765434283365E-5,2.499600914551703E-5,2.5012715502370497E-5
5.0E-4,13.833333333333332,2760,2733,26479,760316200,7.410229E8,2130732200,2.500648511438719E-5,2.5010649904122495E-5,2.5012715502370497E-5
2.5E-4,13.833333333333332,2914,2991,26479,814726100,8.2146E8,2130732200,2.5016806953548354E-5,2.5022050569978305E-5,2.5012715502370497E-5
1.25E-4,13.833333333333332,2919,2739,26479,837182700,7.485342E8,2130732200,2.502859189912332E-5,2.502386184433103E-5,2.5012715502370497E-5
6.25E-5,13.833333333333332,2767,2722,26479,837895500,7.649273E8,2130732200,2.5004167892417328E-5,2.5000489140558635E-5,2.5012715502370497E-5
3.125E-5,13.833333333333332,3881,2763,26479,1215356400,8.14578E8,2130732200,2.500269726113391E-5,2.502086770361789E-5,2.5012715502370497E-5
1.5625E-5,13.833333333333332,3444,3040,26479,1164234500,9.174554E8,2130732200,2.501589104186852E-5,2.50251113065314E-5,2.5012715502370497E-5
1.024,14.346153846153845,2681,2758,27038,730742900,7.440176E8,2169517700,2.291994213654558E-5,2.2893668979118154E-5,2.2915335343487442E-5
0.512,14.346153846153845,2681,2758,27038,731717900,7.494847E8,2169517700,2.291994213654558E-5,2.2893668979118154E-5,2.2915335343487442E-5
0.256,14.346153846153845,2733,2758,27038,741419300,7.577887E8,2169517700,2.290657065751045E-5,2.2893668979118154E-5,2.2915335343487442E-5
0.128,14.346153846153845,2733,2758,27038,750185800,7.508495E8,2169517700,2.290657065751045E-5,2.2893668979118154E-5,2.2915335343487442E-5
0.064,14.346153846153845,2752,2758,27038,759887200,7.507546E8,2169517700,2.290567619334105E-5,2.2893668979118154E-5,2.2915335343487442E-5
0.032,14.346153846153845,2752,2758,27038,766234300,7.556272E8,2169517700,2.290567619334105E-5,2.2893668979118154E-5,2.2915335343487442E-5
0.016,14.346153846153845,2778,2814,27038,779268500,7.70054E8,2169517700,2.292142240545303E-5,2.2907333047328393E-5,2.2915335343487442E-5
0.008,14.346153846153845,2699,2751,27038,767782400,7.471945E8,2169517700,2.29203814063883E-5,2.290184236275472E-5,2.2915335343487442E-5
0.004,14.346153846153845,2823,2760,27038,782051600,7.511743E8,2169517700,2.289634224472703E-5,2.290915770197799E-5,2.2915335343487442E-5
0.002,14.346153846153845,2842,2760,27038,780907300,7.604617E8,2169517700,2.291472662419025E-5,2.290915770197799E-5,2.2915335343487442E-5
0.001,14.346153846153845,2717,2770,27038,755472400,7.615379E8,2169517700,2.2914535751761278E-5,2.2908475676652884E-5,2.2915335343487442E-5
5.0E-4,14.346153846153845,2882,2757,27038,798650900,7.550699E8,2169517700,2.2927238164549557E-5,2.290850155028945E-5,2.2915335343487442E-5
2.5E-4,14.346153846153845,2886,2866,27038,804157600,7.854927E8,2169517700,2.2903729969603326E-5,2.291283084254747E-5,2.2915335343487442E-5
1.25E-4,14.346153846153845,2742,2739,27038,803200000,7.69968E8,2169517700,2.2913559584281096E-5,2.2906140186074175E-5,2.2915335343487442E-5
6.25E-5,14.346153846153845,2805,2797,27038,865225500,8.24353E8,2169517700,2.2904997430850393E-5,2.29037716903413E-5,2.2915335343487442E-5
3.125E-5,14.346153846153845,3513,3033,27038,1125405100,9.072846E8,2169517700,2.2911557431615215E-5,2.2917550745127357E-5,2.2915335343487442E-5
1.5625E-5,14.346153846153845,3499,3063,27038,1208090100,9.474251E8,2169517700,2.290454720843549E-5,2.2912947324815747E-5,2.2915335343487442E-5
1.024,14.858974358974358,2630,2895,27578,715626700,7.781698E8,2222585600,2.2319081620647552E-5,2.2323405728608137E-5,2.2314922870192433E-5
0.512,14.858974358974358,2630,2895,27578,723709200,7.723138E8,2222585600,2.2319081620647552E-5,2.2323405728608137E-5,2.2314922870192433E-5
0.256,14.858974358974358,2763,2895,27578,753720100,7.722364E8,2222585600,2.2318615153227306E-5,2.2323405728608137E-5,2.2314922870192433E-5
0.128,14.858974358974358,2763,2895,27578,754000100,7.80737E8,2222585600,2.2318615153227306E-5,2.2323405728608137E-5,2.2314922870192433E-5
0.064,14.858974358974358,2664,2895,27578,735714000,7.7847E8,2222585600,2.2308856560071533E-5,2.2323405728608137E-5,2.2314922870192433E-5
0.032,14.858974358974358,2664,2895,27578,725651700,7.738909E8,2222585600,2.2308856560071533E-5,2.2323405728608137E-5,2.2314922870192433E-5
0.016,14.858974358974358,2683,2985,27578,732743900,8.071807E8,2222585600,2.230372812550563E-5,2.232237058330533E-5,2.2314922870192433E-5
0.008,14.858974358974358,2677,2855,27578,735691200,7.81458E8,2222585600,2.2314149791369253E-5,2.23089601347759E-5,2.2314922870192433E-5
0.004,14.858974358974358,2732,2891,27578,749566400,7.729681E8,2222585600,2.2312851877814843E-5,2.2310243079304293E-5,2.2314922870192433E-5
0.002,14.858974358974358,2739,2891,27578,740032300,7.736406E8,2222585600,2.2296888176120966E-5,2.2310243079304293E-5,2.2314922870192433E-5
0.001,14.858974358974358,2775,2937,27578,756304800,8.018032E8,2222585600,2.2303273330193107E-5,2.230846835316047E-5,2.2314922870192433E-5
5.0E-4,14.858974358974358,2811,2881,27578,769581100,7.810994E8,2222585600,2.2312879319197343E-5,2.230668699498839E-5,2.2314922870192433E-5
2.5E-4,14.858974358974358,2745,2935,27578,766183200,7.926235E8,2222585600,2.231382695583317E-5,2.2292948054225548E-5,2.2314922870192433E-5
1.25E-4,14.858974358974358,2883,2779,27578,818003100,7.631278E8,2222585600,2.229858896829473E-5,2.231444468225874E-5,2.2314922870192433E-5
6.25E-5,14.858974358974358,2940,2854,27578,885372400,8.055507E8,2222585600,2.2315385226123752E-5,2.2307336481786066E-5,2.2314922870192433E-5
3.125E-5,14.858974358974358,3494,2919,27578,1120235500,8.581815E8,2222585600,2.2323955267800066E-5,2.232667220469775E-5,2.2314922870192433E-5
1.5625E-5,14.858974358974358,3553,3093,27578,1204864500,9.404881E8,2222585600,2.2318313441460624E-5,2.2297153099204436E-5,2.2314922870192433E-5
1.024,15.37179487179487,2685,2805,28108,731924700,7.556021E8,2261336100,2.0463695644901136E-5,2.0453680635412752E-5,2.045924032156865E-5
0.512,15.37179487179487,2685,2805,28108,734199400,7.614361E8,2261336100,2.0463695644901136E-5,2.0453680635412752E-5,2.045924032156865E-5
0.256,15.37179487179487,2742,2805,28108,744417700,7.636965E8,2261336100,2.0466858483336736E-5,2.0453680635412752E-5,2.045924032156865E-5
0.128,15.37179487179487,2742,2805,28108,746644100,7.609332E8,2261336100,2.0466858483336736E-5,2.0453680635412752E-5,2.045924032156865E-5
0.064,15.37179487179487,2723,2805,28108,739256700,7.538084E8,2261336100,2.0460036181169095E-5,2.0453680635412752E-5,2.045924032156865E-5
0.032,15.37179487179487,2723,2805,28108,757338200,7.604771E8,2261336100,2.0460036181169095E-5,2.0453680635412752E-5,2.045924032156865E-5
0.016,15.37179487179487,2711,2807,28108,739224500,7.511028E8,2261336100,2.046514610598571E-5,2.047739406929594E-5,2.045924032156865E-5
0.008,15.37179487179487,2664,2807,28108,732194900,7.766347E8,2261336100,2.047054427178896E-5,2.04648563483234E-5,2.045924032156865E-5
0.004,15.37179487179487,2702,2764,28108,743086600,7.462251E8,2261336100,2.0470373205183634E-5,2.0456240712785068E-5,2.045924032156865E-5
0.002,15.37179487179487,2568,2789,28108,702118900,7.862014E8,2261336100,2.0470148708318092E-5,2.046527142840482E-5,2.045924032156865E-5
0.001,15.37179487179487,2645,2723,28108,722527500,7.349816E8,2261336100,2.0457257156492048E-5,2.0451079992711563E-5,2.045924032156865E-5
5.0E-4,15.37179487179487,2799,2806,28108,766379300,7.589482E8,2261336100,2.0469174836335036E-5,2.0463732277820057E-5,2.045924032156865E-5
2.5E-4,15.37179487179487,2742,2958,28108,759595500,7.915259E8,2261336100,2.0458498647513146E-5,2.045355419844075E-5,2.045924032156865E-5
1.25E-4,15.37179487179487,2996,2861,28108,851158800,7.861437E8,2261336100,2.0474440194706567E-5,2.0455689064724503E-5,2.045924032156865E-5
6.25E-5,15.37179487179487,2918,2951,28108,899665900,8.385402E8,2261336100,2.0459968292918518E-5,2.0469710617310177E-5,2.045924032156865E-5
3.125E-5,15.37179487179487,3604,2931,28108,1158263200,8.522231E8,2261336100,2.0450657839399256E-5,2.0458232427356116E-5,2.045924032156865E-5
1.5625E-5,15.37179487179487,3537,3141,28108,1199846500,9.616248E8,2261336100,2.047741099853173E-5,2.045652422921762E-5,2.045924032156865E-5
1.024,15.884615384615383,2598,2774,28618,722805000,7.649005E8,2398357200,1.9948893096977116E-5,1.99368071760464E-5,1.9948017390913897E-5
0.512,15.884615384615383,2598,2774,28618,712235500,7.628284E8,2398357200,1.9948893096977116E-5,1.99368071760464E-5,1.9948017390913897E-5
0.256,15.884615384615383,2636,2774,28618,730726800,7.573629E8,2398357200,1.9946048906649416E-5,1.99368071760464E-5,1.9948017390913897E-5
0.128,15.884615384615383,2636,2774,28618,737474800,7.81812E8,2398357200,1.9946048906649416E-5,1.99368071760464E-5,1.9948017390913897E-5
0.064,15.884615384615383,2719,2774,28618,760306100,7.568441E8,2398357200,1.9953076545120574E-5,1.99368071760464E-5,1.9948017390913897E-5
0.032,15.884615384615383,2719,2774,28618,753741400,7.742671E8,2398357200,1.9953076545120574E-5,1.99368071760464E-5,1.9948017390913897E-5
0.016,15.884615384615383,2649,2854,28618,731086100,7.788193E8,2398357200,1.993880261175196E-5,1.9944887212020035E-5,1.9948017390913897E-5
0.008,15.884615384615383,2750,2800,28618,761428700,7.714904E8,2398357200,1.9956912897578505E-5,1.9947900119943185E-5,1.9948017390913897E-5
0.004,15.884615384615383,2745,2840,28618,768033300,7.826355E8,2398357200,1.993616915307861E-5,1.9944654067294287E-5,1.9948017390913897E-5
0.002,15.884615384615383,2631,2840,28618,725138300,7.754927E8,2398357200,1.9944688977702185E-5,1.9944654067294287E-5,1.9948017390913897E-5
0.001,15.884615384615383,2707,2840,28618,749454400,7.78083E8,2398357200,1.995946678889915E-5,1.9944654067294287E-5,1.9948017390913897E-5
5.0E-4,15.884615384615383,2848,2895,28618,798072300,7.954209E8,2398357200,1.9939105814104074E-5,1.995070984406322E-5,1.9948017390913897E-5
2.5E-4,15.884615384615383,2874,2799,28618,810621600,7.780118E8,2398357200,1.994070785005242E-5,1.9942631600322613E-5,1.9948017390913897E-5
1.25E-4,15.884615384615383,3000,2968,28618,851439500,8.114194E8,2398357200,1.9946813496485305E-5,1.9956231264051105E-5,1.9948017390913897E-5
6.25E-5,15.884615384615383,3005,3097,28618,902828500,8.624579E8,2398357200,1.994705903385352E-5,1.9951354753300343E-5,1.9948017390913897E-5
3.125E-5,15.884615384615383,3617,2954,28618,1144508100,8.666461E8,2398357200,1.994473211852643E-5,1.995997228354529E-5,1.9948017390913897E-5
1.5625E-5,15.884615384615383,3593,3219,28618,1244487400,9.719516E8,2398357200,1.995951503053206E-5,1.9947482439719444E-5,1.9948017390913897E-5
1.024,16.397435897435898,2755,2842,29144,749619600,7.736681E8,2359398700,1.8317927881761342E-5,1.8317967273251412E-5,1.8314016484888285E-5
0.512,16.397435897435898,2755,2842,29144,763718500,7.799579E8,2359398700,1.8317927881761342E-5,1.8317967273251412E-5,1.8314016484888285E-5
0.256,16.397435897435898,2603,2842,29144,762904600,7.664561E8,2359398700,1.831226518722584E-5,1.8317967273251412E-5,1.8314016484888285E-5
0.128,16.397435897435898,2603,2842,29144,716969600,7.649653E8,2359398700,1.831226518722584E-5,1.8317967273251412E-5,1.8314016484888285E-5
0.064,16.397435897435898,2671,2842,29144,737753300,7.771036E8,2359398700,1.8306241244769872E-5,1.8317967273251412E-5,1.8314016484888285E-5
0.032,16.397435897435898,2671,2842,29144,736870100,7.745297E8,2359398700,1.8306241244769872E-5,1.8317967273251412E-5,1.8314016484888285E-5
0.016,16.397435897435898,2728,2869,29144,755150100,7.891123E8,2359398700,1.8313430607319603E-5,1.8317658186051133E-5,1.8314016484888285E-5
0.008,16.397435897435898,2659,2824,29144,725551800,7.672724E8,2359398700,1.83180512863812E-5,1.832246854682751E-5,1.8314016484888285E-5
0.004,16.397435897435898,2766,2877,29144,752412000,7.72267E8,2359398700,1.8318855735888206E-5,1.831376993255418E-5,1.8314016484888285E-5
0.002,16.397435897435898,2741,2766,29144,748988300,7.560733E8,2359398700,1.8314188460322178E-5,1.8321991350878086E-5,1.8314016484888285E-5
0.001,16.397435897435898,2705,2792,29144,749121500,7.57876E8,2359398700,1.832028733905755E-5,1.8305963936704472E-5,1.8314016484888285E-5
5.0E-4,16.397435897435898,2894,2845,29144,805915000,7.80891E8,2359398700,1.8326979458360704E-5,1.8327418918495653E-5,1.8314016484888285E-5
2.5E-4,16.397435897435898,2916,2886,29144,806044300,7.881208E8,2359398700,1.8314432967958538E-5,1.8321261939457933E-5,1.8314016484888285E-5
1.25E-4,16.397435897435898,2932,2946,29144,834018200,8.096512E8,2359398700,1.8304089358878173E-5,1.8306581663352084E-5,1.8314016484888285E-5
6.25E-5,16.397435897435898,3010,2932,29144,921307100,8.291181E8,2359398700,1.831870314294992E-5,1.8298596849097848E-5,1.8314016484888285E-5
3.125E-5,16.397435897435898,3437,3128,29144,1102018300,9.116445E8,2359398700,1.8309859759257918E-5,1.8312518868857097E-5,1.8314016484888285E-5
1.5625E-5,16.397435897435898,3628,3250,29144,1223682900,9.771162E8,2359398700,1.8309780933312148E-5,1.8317030235581733E-5,1.8314016484888285E-5
1.024,16.91025641025641,2607,2840,29625,710432200,7.5682E8,2390463900,1.6824694469397272E-5,1.683372162919472E-5,1.682795718127572E-5
0.512,16.91025641025641,2607,2840,29625,714316800,7.680754E8,2390463900,1.6824694469397272E-5,1.683372162919472E-5,1.682795718127572E-5
0.256,16.91025641025641,2703,2840,29625,736764700,7.625463E8,2390463900,1.6833893142331746E-5,1.683372162919472E-5,1.682795718127572E-5
0.128,16.91025641025641,2703,2840,29625,733438000,7.685779E8,2390463900,1.6833893142331746E-5,1.683372162919472E-5,1.682795718127572E-5
0.064,16.91025641025641,2803,2840,29625,753406500,7.625803E8,2390463900,1.6823792622466804E-5,1.683372162919472E-5,1.682795718127572E-5
0.032,16.91025641025641,2803,2840,29625,760706500,7.594601E8,2390463900,1.6823792622466804E-5,1.683372162919472E-5,1.682795718127572E-5
0.016,16.91025641025641,2717,2860,29625,739410600,7.653308E8,2390463900,1.683005995511966E-5,1.681478550497051E-5,1.682795718127572E-5
0.008,16.91025641025641,2719,2743,29625,733161400,7.431481E8,2390463900,1.683690313081243E-5,1.6822037566921466E-5,1.682795718127572E-5
0.004,16.91025641025641,2784,2816,29625,754927700,7.565365E8,2390463900,1.6826583253304328E-5,1.6831907877490337E-5,1.682795718127572E-5
0.002,16.91025641025641,2841,2723,29625,763805700,7.57132E8,2390463900,1.6824501305578998E-5,1.6819505326060025E-5,1.682795718127572E-5
0.001,16.91025641025641,3006,2723,29625,812065100,7.326873E8,2390463900,1.6814313036461748E-5,1.6819505326060025E-5,1.682795718127572E-5
5.0E-4,16.91025641025641,2581,2798,29625,709243000,7.620002E8,2390463900,1.6821386292553697E-5,1.6823473542926237E-5,1.682795718127572E-5
2.5E-4,16.91025641025641,2904,2934,29625,809636100,8.030229E8,2390463900,1.6821193454141792E-5,1.6819357225972276E-5,1.682795718127572E-5
1.25E-4,16.91025641025641,3135,2873,29625,908422300,7.980517E8,2390463900,1.6837322656004794E-5,1.6817975582283928E-5,1.682795718127572E-5
6.25E-5,16.91025641025641,3131,2953,29625,967693500,8.410467E8,2390463900,1.682831766403048E-5,1.6833066299737354E-5,1.682795718127572E-5
3.125E-5,16.91025641025641,3520,3060,29625,1116714200,9.009194E8,2390463900,1.6827713364864216E-5,1.6837746490860894E-5,1.682795718127572E-5
1.5625E-5,16.91025641025641,3584,3215,29625,1237840600,9.732121E8,2390463900,1.6826405813574752E-5,1.6832536715916113E-5,1.682795718127572E-5
1.024,17.42307692307692,2731,2781,30235,755010900,7.704961E8,2499624400,1.6431003553418755E-5,1.6423860554781733E-5,1.643565548126169E-5
0.512,17.42307692307692,2731,2781,30235,764011600,7.686168E8,2499624400,1.6431003553418755E-5,1.6423860554781733E-5,1.643565548126169E-5
0.256,17.42307692307692,2650,2781,30235,736502800,7.599686E8,2499624400,1.6419440147741327E-5,1.6423860554781733E-5,1.643565548126169E-5
0.128,17.42307692307692,2650,2781,30235,740485700,8.055985E8,2499624400,1.6419440147741327E-5,1.6423860554781733E-5,1.643565548126169E-5
0.064,17.42307692307692,2529,2781,30235,740556900,7.82458E8,2499624400,1.643019753450048E-5,1.6423860554781733E-5,1.643565548126169E-5
0.032,17.42307692307692,2529,2781,30235,707593400,7.682089E8,2499624400,1.643019753450048E-5,1.6423860554781733E-5,1.643565548126169E-5
0.016,17.42307692307692,2826,2836,30235,775764300,7.69553E8,2499624400,1.6428501967258313E-5,1.643771263326599E-5,1.643565548126169E-5
0.008,17.42307692307692,2811,2843,30235,769099800,7.706627E8,2499624400,1.643704086629061E-5,1.6422087017464726E-5,1.643565548126169E-5
0.004,17.42307692307692,3017,2843,30235,828948600,7.842572E8,2499624400,1.643655018757073E-5,1.6422087017464726E-5,1.643565548126169E-5
0.002,17.42307692307692,2897,2813,30235,797946100,7.732291E8,2499624400,1.6428930856626778E-5,1.6436783454976123E-5,1.643565548126169E-5
0.001,17.42307692307692,2897,2762,30235,796788500,7.511014E8,2499624400,1.6431719587317595E-5,1.6424632347300516E-5,1.643565548126169E-5
5.0E-4,17.42307692307692,2860,2803,30235,786322400,7.631449E8,2499624400,1.643097414438799E-5,1.642915660327038E-5,1.643565548126169E-5
2.5E-4,17.42307692307692,2930,3029,30235,808585300,8.295868E8,2499624400,1.6425015406329457E-5,1.6434275296184353E-5,1.643565548126169E-5
1.25E-4,17.42307692307692,3102,2935,30235,884013000,8.184546E8,2499624400,1.6426024567417485E-5,1.643035359510936E-5,1.643565548126169E-5
6.25E-5,17.42307692307692,3191,3257,30235,982730100,9.18371E8,2499624400,1.643601013145979E-5,1.6428019066649924E-5,1.643565548126169E-5
3.125E-5,17.42307692307692,3518,3028,30235,1116168500,8.829187E8,2499624400,1.6422921269132473E-5,1.6419720141658267E-5,1.643565548126169E-5
1.5625E-5,17.42307692307692,3723,3190,30235,1257424800,9.604447E8,2499624400,1.643314974053567E-5,1.64245582263689E-5,1.643565548126169E-5
1.024,17.93589743589743,2693,2815,30584,735350600,7.564765E8,2478935700,1.6053104995195078E-5,1.60474940369415E-5,1.6054011958144265E-5
0.512,17.93589743589743,2693,2815,30584,731103200,7.5921E8,2478935700,1.6053104995195078E-5,1.60474940369415E-5,1.6054011958144265E-5
0.256,17.93589743589743,2897,2815,30584,782928100,7.576946E8,2478935700,1.605947054250656E-5,1.60474940369415E-5,1.6054011958144265E-5
0.128,17.93589743589743,2897,2815,30584,784812400,7.680492E8,2478935700,1.605947054250656E-5,1.60474940369415E-5,1.6054011958144265E-5
0.064,17.93589743589743,2615,2815,30584,714089400,7.687979E8,2478935700,1.606127277509195E-5,1.60474940369415E-5,1.6054011958144265E-5
0.032,17.93589743589743,2615,2815,30584,720328500,7.612712E8,2478935700,1.606127277509195E-5,1.60474940369415E-5,1.6054011958144265E-5
0.016,17.93589743589743,2799,2871,30584,776621200,7.906837E8,2478935700,1.604822520961946E-5,1.604142847511092E-5,1.6054011958144265E-5
0.008,17.93589743589743,2640,2782,30584,739013300,7.679946E8,2478935700,1.6051817226858667E-5,1.6055885100341172E-5,1.6054011958144265E-5
0.004,17.93589743589743,2831,2748,30584,776322800,7.506428E8,2478935700,1.6057017046877675E-5,1.605315108343941E-5,1.6054011958144265E-5
0.002,17.93589743589743,2816,2748,30584,776625100,7.618687E8,2478935700,1.6047613408898265E-5,1.605315108343941E-5,1.6054011958144265E-5
0.001,17.93589743589743,2821,2777,30584,798466200,7.574598E8,2478935700,1.606237374940367E-5,1.6044993423780518E-5,1.6054011958144265E-5
5.0E-4,17.93589743589743,2717,2722,30584,761694200,7.467985E8,2478935700,1.6060427230568664E-5,1.606390155362014E-5,1.6054011958144265E-5
2.5E-4,17.93589743589743,3162,2955,30584,873244000,8.126832E8,2478935700,1.606476089854869E-5,1.6044933052183907E-5,1.6054011958144265E-5
1.25E-4,17.93589743589743,3434,2910,30584,979207700,8.034262E8,2478935700,1.6059004479651584E-5,1.6039374594045697E-5,1.6054011958144265E-5
6.25E-5,17.93589743589743,3277,3097,30584,996917500,8.814314E8,2478935700,1.605458890618916E-5,1.6043307169644194E-5,1.6054011958144265E-5
3.125E-5,17.93589743589743,3644,3173,30584,1193388300,9.293695E8,2478935700,1.6049348768532035E-5,1.6058721755252137E-5,1.6054011958144265E-5
1.5625E-5,17.93589743589743,3799,3260,30584,1300292900,9.897643E8,2478935700,1.6060836564690817E-5,1.6045921603535795E-5,1.6054011958144265E-5
1.024,18.448717948717942,2810,2766,31064,784135300,7.633589E8,2537883600,1.4773821972124956E-5,1.4774479348722558E-5,1.4770615133441467E-5
0.512,18.448717948717942,2810,2766,31064,769647500,7.617581E8,2537883600,1.4773821972124956E-5,1.4774479348722558E-5,1.4770615133441467E-5
0.256,18.448717948717942,2781,2766,31064,757019700,7.519071E8,2537883600,1.4774625151203757E-5,1.4774479348722558E-5,1.4770615133441467E-5
0.128,18.448717948717942,2781,2791,31064,762482200,7.590704E8,2537883600,1.4774625151203757E-5,1.4765710976472057E-5,1.4770615133441467E-5
0.064,18.448717948717942,2799,2791,31064,770090100,7.75293E8,2537883600,1.477057953591654E-5,1.4765710976472057E-5,1.4770615133441467E-5
0.032,18.448717948717942,2806,2791,31064,771585800,7.609819E8,2537883600,1.4766850136571641E-5,1.4765710976472057E-5,1.4770615133441467E-5
0.016,18.448717948717942,2799,2791,31064,767935400,7.579388E8,2537883600,1.4755706690294801E-5,1.4765710976472057E-5,1.4770615133441467E-5
0.008,18.448717948717942,3078,2786,31064,853863600,7.662707E8,2537883600,1.4762676705082356E-5,1.4768405550924513E-5,1.4770615133441467E-5
0.004,18.448717948717942,2841,2774,31064,788384900,7.651846E8,2537883600,1.476530881283633E-5,1.4770161871902054E-5,1.4770615133441467E-5
0.002,18.448717948717942,2837,2774,31064,782632500,7.642949E8,2537883600,1.4774461231326086E-5,1.4770161871902054E-5,1.4770615133441467E-5
0.001,18.448717948717942,2872,2819,31064,786204400,7.673174E8,2537883600,1.4765526220816838E-5,1.477106836555997E-5,1.4770615133441467E-5
5.0E-4,18.448717948717942,2893,2786,31064,795134600,7.547479E8,2537883600,1.4759218586513079E-5,1.4766342031569124E-5,1.4770615133441467E-5
2.5E-4,18.448717948717942,3114,3129,31064,855500800,8.576641E8,2537883600,1.476879992534652E-5,1.477268610039495E-5,1.4770615133441467E-5
1.25E-4,18.448717948717942,3218,2916,31064,943739700,8.134794E8,2537883600,1.4762810442103813E-5,1.4758647414070403E-5,1.4770615133441467E-5
6.25E-5,18.448717948717942,3310,3022,31064,997464700,8.50019E8,2537883600,1.4768148482002807E-5,1.4787154146600479E-5,1.4770615133441467E-5
3.125E-5,18.448717948717942,3652,3386,31064,1159777000,9.805955E8,2537883600,1.4765336109112681E-5,1.4774166429920577E-5,1.4770615133441467E-5
1.5625E-5,18.448717948717942,3725,3276,31064,1294368300,9.957888E8,2537883600,1.4758198391362498E-5,1.4765162163921097E-5,1.4770615133441467E-5
1.024,18.961538461538453,2677,2879,31570,736648200,7.82789E8,2579823200,1.4444993459594713E-5,1.4447427423180947E-5,1.4440279147986956E-5
0.512,18.961538461538453,2677,2879,31570,739456100,7.889262E8,2579823200,1.4444993459594713E-5,1.4447427423180947E-5,1.4440279147986956E-5
0.256,18.961538461538453,2859,2879,31570,795128400,7.976323E8,2579823200,1.4445462500956019E-5,1.4447427423180947E-5,1.4440279147986956E-5
0.128,18.961538461538453,2859,2783,31570,787980200,7.511614E8,2579823200,1.4445462500956019E-5,1.4444336784658063E-5,1.4440279147986956E-5
0.064,18.961538461538453,2985,2783,31570,810883200,7.546714E8,2579823200,1.4448280369672162E-5,1.4444336784658063E-5,1.4440279147986956E-5
0.032,18.961538461538453,2765,2783,31570,764410600,7.612499E8,2579823200,1.444552365514884E-5,1.4444336784658063E-5,1.4440279147986956E-5
0.016,18.961538461538453,2801,2783,31570,781157900,7.666454E8,2579823200,1.4432382666185184E-5,1.4444336784658063E-5,1.4440279147986956E-5
0.008,18.961538461538453,2791,2798,31570,788120200,7.638399E8,2579823200,1.4438582424225466E-5,1.444104880632402E-5,1.4440279147986956E-5
0.004,18.961538461538453,2813,2813,31570,773948500,7.66369E8,2579823200,1.4442901542510711E-5,1.4445427044096348E-5,1.4440279147986956E-5
0.002,18.961538461538453,3190,2813,31570,864993200,7.71463E8,2579823200,1.4433588886308968E-5,1.4445427044096348E-5,1.4440279147986956E-5
0.001,18.961538461538453,2955,2861,31570,819302600,7.862614E8,2579823200,1.4443452814538738E-5,1.4437642701037312E-5,1.4440279147986956E-5
5.0E-4,18.961538461538453,2811,2797,31570,781823600,7.688603E8,2579823200,1.4444771104793475E-5,1.442944312901595E-5,1.4440279147986956E-5
2.5E-4,18.961538461538453,2974,2988,31570,827875000,8.138054E8,2579823200,1.4448282793289025E-5,1.4442298269412568E-5,1.4440279147986956E-5
1.25E-4,18.961538461538453,3127,2957,31570,892326600,8.186136E8,2579823200,1.4441553674915397E-5,1.4449717278375296E-5,1.4440279147986956E-5
6.25E-5,18.961538461538453,3337,3275,31570,1007961900,9.172625E8,2579823200,1.4447183244614692E-5,1.443956169133731E-5,1.4440279147986956E-5
3.125E-5,18.961538461538453,3521,3619,31570,1145618300,1.0440007E9,2579823200,1.4446210235719015E-5,1.4438184649412378E-5,1.4440279147986956E-5
1.5625E-5,18.961538461538453,3789,3616,31570,1292516300,1.0935867E9,2579823200,1.4438134377070533E-5,1.4445116560790616E-5,1.4440279147986956E-5
1.024,19.474358974358964,2895,2849,32007,805460200,7.808147E8,2637844900,1.3297627622588237E-5,1.3307661855033182E-5,1.3301941557020136E-5
0.512,19.474358974358964,2895,2849,32007,805024800,7.856557E8,2637844900,1.3297627622588237E-5,1.3307661855033182E-5,1.3301941557020136E-5
0.256,19.474358974358964,2921,2849,32007,821897800,7.927264E8,2637844900,1.3298278923712381E-5,1.3307661855033182E-5,1.3301941557020136E-5
0.128,19.474358974358964,2921,2778,32007,830160900,7.695881E8,2637844900,1.3298278923712381E-5,1.329631648561147E-5,1.3301941557020136E-5
0.064,19.474358974358964,2893,2778,32007,808173700,7.701817E8,2637844900,1.3294368769956044E-5,1.329631648561147E-5,1.3301941557020136E-5
0.032,19.474358974358964,3260,2778,32007,890388900,7.711992E8,2637844900,1.3299541519184999E-5,1.329631648561147E-5,1.3301941557020136E-5
0.016,19.474358974358964,2988,2778,32007,837273300,7.770384E8,2637844900,1.3300566695240157E-5,1.329631648561147E-5,1.3301941557020136E-5
0.008,19.474358974358964,2967,2853,32007,823156500,8.099684E8,2637844900,1.3297389963362605E-5,1.3305037035782341E-5,1.3301941557020136E-5
0.004,19.474358974358964,2952,2852,32007,842999800,7.989932E8,2637844900,1.3296937816265064E-5,1.3302954096738873E-5,1.3301941557020136E-5
0.002,19.474358974358964,2817,2852,32007,798514000,7.883995E8,2637844900,1.3299512717779294E-5,1.3295985067829363E-5,1.3301941557020136E-5
0.001,19.474358974358964,2871,2779,32007,788403700,7.640175E8,2637844900,1.3301112300356799E-5,1.3294677805197885E-5,1.3301941557020136E-5
5.0E-4,19.474358974358964,2988,2823,32007,824718700,7.725292E8,2637844900,1.3293303599781758E-5,1.3290035544955003E-5,1.3301941557020136E-5
2.5E-4,19.474358974358964,2959,3074,32007,829471800,8.398325E8,2637844900,1.33043631856955E-5,1.3292301110912064E-5,1.3301941557020136E-5
1.25E-4,19.474358974358964,3396,2980,32007,972516500,8.167878E8,2637844900,1.3294834358634766E-5,1.3293694555271962E-5,1.3301941557020136E-5
6.25E-5,19.474358974358964,3466,3224,32007,1036151100,9.123766E8,2637844900,1.3301256059250477E-5,1.3306274294522247E-5,1.3301941557020136E-5
3.125E-5,19.474358974358964,3670,3313,32007,1165902200,9.602549E8,2637844900,1.3295229685850174E-5,1.3296248534411248E-5,1.3301941557020136E-5
1.5625E-5,19.474358974358964,3900,3359,32007,1316845200,1.0165727E9,2637844900,1.3300813776817577E-5,1.3303763610084118E-5,1.3301941557020136E-5
1.024,19.987179487179475,2976,2892,32452,824037300,7.950562E8,2671813300,1.3014084535245551E-5,1.3011334130008656E-5,1.3016175678171038E-5
0.512,19.987179487179475,2976,2892,32452,824563300,8.010711E8,2671813300,1.3014084535245551E-5,1.3011334130008656E-5,1.3016175678171038E-5
0.256,19.987179487179475,2950,2892,32452,811262900,7.924954E8,2671813300,1.301411028653554E-5,1.3011334130008656E-5,1.3016175678171038E-5
0.128,19.987179487179475,2950,2863,32452,815531000,7.964717E8,2671813300,1.301411028653554E-5,1.3013401833239513E-5,1.3016175678171038E-5
0.064,19.987179487179475,2903,2863,32452,799260900,7.814621E8,2671813300,1.3010134706115117E-5,1.3013401833239513E-5,1.3016175678171038E-5
0.032,19.987179487179475,2875,2863,32452,794178100,7.815633E8,2671813300,1.3011805956586464E-5,1.3013401833239513E-5,1.3016175678171038E-5
0.016,19.987179487179475,2969,2863,32452,834137800,7.854036E8,2671813300,1.3011572606913546E-5,1.3013401833239513E-5,1.3016175678171038E-5
0.008,19.987179487179475,3010,2964,32452,834144600,8.280883E8,2671813300,1.3019915684364669E-5,1.3014019513812869E-5,1.3016175678171038E-5
0.004,19.987179487179475,2929,2864,32452,820925700,7.900194E8,2671813300,1.3011906396798167E-5,1.3013533363692709E-5,1.3016175678171038E-5
0.002,19.987179487179475,3025,2867,32452,829867400,7.860572E8,2671813300,1.3015517012493483E-5,1.3004513709780063E-5,1.3016175678171038E-5
0.001,19.987179487179475,3108,2937,32452,853359900,8.177776E8,2671813300,1.3013304884013088E-5,1.302073604581011E-5,1.3016175678171038E-5
5.0E-4,19.987179487179475,3130,2848,32452,868895500,7.878827E8,2671813300,1.3007056539171558E-5,1.3004486053458386E-5,1.3016175678171038E-5
2.5E-4,19.987179487179475,3131,3113,32452,888777100,8.524536E8,2671813300,1.3012164682524308E-5,1.3009008899445007E-5,1.3016175678171038E-5
1.25E-4,19.987179487179475,3314,3024,32452,943982600,8.551225E8,2671813300,1.3008768211086874E-5,1.3009683678233408E-5,1.3016175678171038E-5
6.25E-5,19.987179487179475,3468,3362,32452,1044335900,9.549812E8,2671813300,1.301133254139053E-5,1.3015929228976653E-5,1.3016175678171038E-5
3.125E-5,19.987179487179475,3842,3295,32452,1231116300,9.68856E8,2671813300,1.300982227936398E-5,1.3012173164073104E-5,1.3016175678171038E-5
1.5625E-5,19.987179487179475,3899,3507,32452,1351061000,1.0693849E9,2671813300,1.302112583223547E-5,1.3021019031778103E-5,1.3016175678171038E-5
1.024,20.499999999999986,3079,2938,32894,850375900,7.925667E8,2648060400,1.1996792350532637E-5,1.1984631007710966E-5,1.1994754489874637E-5
0.512,20.499999999999986,3079,2938,32894,838010900,7.955849E8,2648060400,1.1996792350532637E-5,1.1984631007710966E-5,1.1994754489874637E-5
0.256,20.499999999999986,3149,2938,32894,862263500,7.915134E8,2648060400,1.1990044479048834E-5,1.1984631007710966E-5,1.1994754489874637E-5
0.128,20.499999999999986,3149,2932,32894,864226500,8.05968E8,2648060400,1.1990044479048834E-5,1.19936860807357E-5,1.1994754489874637E-5
0.064,20.499999999999986,3187,2932,32894,867885700,7.901839E8,2648060400,1.1990538190342903E-5,1.19936860807357E-5,1.1994754489874637E-5
0.032,20.499999999999986,3031,2932,32894,821430900,7.910342E8,2648060400,1.1998346485908584E-5,1.19936860807357E-5,1.1994754489874637E-5
0.016,20.499999999999986,3010,2932,32894,833827200,7.998757E8,2648060400,1.19908592020046E-5,1.19936860807357E-5,1.1994754489874637E-5
0.008,20.499999999999986,3056,2905,32894,847675400,8.112563E8,2648060400,1.1994177903762449E-5,1.1987784075406793E-5,1.1994754489874637E-5
0.004,20.499999999999986,2992,2960,32894,829953200,8.137514E8,2648060400,1.1992378862735187E-5,1.198903382093608E-5,1.1994754489874637E-5
0.002,20.499999999999986,3102,2884,32894,857740600,7.92421E8,2648060400,1.1992578892505712E-5,1.1983559608852445E-5,1.1994754489874637E-5
0.001,20.499999999999986,3199,2907,32894,883584900,7.95978E8,2648060400,1.1989479900997857E-5,1.1988646289484706E-5,1.1994754489874637E-5
5.0E-4,20.499999999999986,3292,2906,32894,907665600,8.089976E8,2648060400,1.1990766393465968E-5,1.1994712278307063E-5,1.1994754489874637E-5
2.5E-4,20.499999999999986,3143,3117,32894,892277600,8.561719E8,2648060400,1.1986888519666117E-5,1.1997047531520089E-5,1.1994754489874637E-5
1.25E-4,20.499999999999986,3378,3076,32894,982011400,8.505653E8,2648060400,1.1988373523452722E-5,1.1991315156723026E-5,1.1994754489874637E-5
6.25E-5,20.499999999999986,3636,3381,32894,1103702100,9.578364E8,2648060400,1.1990214425439127E-5,1.1995521119634311E-5,1.1994754489874637E-5
3.125E-5,20.499999999999986,4016,3389,32894,1291931700,9.998056E8,2648060400,1.1990995537836113E-5,1.2001218693713511E-5,1.1994754489874637E-5
1.5625E-5,20.499999999999986,3756,3511,32894,1288903700,1.0773539E9,2648060400,1.199083500191822E-5,1.1999502530279926E-5,1.1994754489874637E-5
