1.024,0.15,2,-1.1167650832569379E-4,0.6736169138280885,0.7275062669343356,1.0001116765083258,false,1.1167650832569379E-4,0.14998324852375114,151900
1.024,0.7515151515151516,17,-0.005199317794976885,0.8038487721219738,0.8681566738917318,1.0036472177237232,false,0.005199317794976885,0.7476202513056561,665400
1.024,1.353030303030303,2669,-0.9968733614645643,0.9943090056654703,1.073853726118708,0.004712111013408182,false,0.9968888730921841,0.004250419328256067,131663900
1.024,1.9545454545454546,1461,-0.998887069393484,0.9944477511888833,1.074003571283994,0.0018190308040408887,false,0.998887069393484,0.002370252259810855,86562700
1.024,2.556060606060606,1247,-0.9994074454059274,0.9914167017586125,1.0707300378993017,9.667705547296013E-4,false,0.9994412771380902,0.0016474160866957954,80948800
1.024,3.1575757575757577,1504,-0.9996435501280212,0.9940328253086933,1.073555451333389,6.441189916890355E-4,false,0.9996435501280212,0.0013559030087676263,111114900
1.024,3.7590909090909093,1192,-0.9996283550493299,0.9859892644569626,1.0648684056135196,4.4956767756887395E-4,false,0.9998306257528659,0.0011266438465135113,81764100
1.024,4.360606060606061,1362,-0.9996491723818595,0.9876618029615108,1.0666747471984317,3.1675488222748793E-4,false,0.999929315043743,9.20828839445162E-4,84943100
1.024,4.962121212121213,1387,-0.9997613944215503,0.9877382015721595,1.0667572576979323,2.452042331766435E-4,false,0.9999383697879219,8.111554178318259E-4,104186800
1.024,5.563636363636364,2497,-0.9998803036466574,0.9943343889754029,1.0738811400934352,1.9571862296730025E-4,false,0.9999273226641832,7.259381651878046E-4,108617000
1.024,6.165151515151516,1579,-0.9998235451274954,0.9845262248583224,1.0632883228469883,1.622748819011255E-4,false,0.9999720635402065,6.669661560158381E-4,67591300
1.024,6.7666666666666675,1566,-0.999805506291466,0.9862039254644535,1.0651002395016098,1.3560103214071972E-4,false,1.0000384548054695,6.117113227681357E-4,103536100
1.024,7.368181818181819,3579,-0.9999529314709964,0.9943324804445962,1.073879078880164,1.1551656273778299E-4,false,0.9999928083467539,5.674313581755946E-4,192062400
1.024,7.969696969696971,1859,-0.9999864557722665,0.9861587684192801,1.0650514698928226,9.246125451511933E-5,false,1.000039501580931,4.912587866156845E-4,93670800
1.024,8.571212121212122,4111,-0.9999450995315627,0.9954814021806723,1.0751199143551262,8.236693342889012E-5,false,1.0000053340333863,4.7065630546185E-4,161624200
1.024,9.172727272727274,2372,-0.9997827844977807,0.9894500765622912,1.0686060826872745,7.147055041334394E-5,false,1.0000415779993204,4.37053244648873E-4,106425600
1.024,9.774242424242425,2584,-1.0000863593801617,0.9862472858668461,1.065147068736194,6.399734455575512E-5,false,1.0000863593801617,4.1701704013048113E-4,140276400
1.024,10.375757575757577,5045,-0.9999853408252604,0.9943726390406629,1.073922450163916,5.717684204809004E-5,false,1.00004443312149,3.9550203469224305E-4,214070000
1.024,10.977272727272728,5297,-0.999999182672831,0.9949645767132058,1.0745617428502623,5.08175132118982E-5,false,1.0000422298200924,3.718918012325278E-4,258904800
1.024,11.57878787878788,4419,-0.9998515103615745,0.9874567549874522,1.0664532953864485,4.518522628993438E-5,false,1.0000779842415572,3.4879343364411976E-4,265056400
1.024,12.180303030303032,3014,-0.9997936374448332,0.9870032719426995,1.0659635336981155,3.97856576623834E-5,false,1.0001103688197295,3.230675777251517E-4,163725300
1.024,12.781818181818183,6629,-1.0000199695426382,0.9914239265157531,1.0707378406370134,3.852461167697108E-5,false,1.0000516055342143,3.28276387986796E-4,260917700
1.024,13.383333333333335,6557,-0.9999858115672287,0.9957607970425927,1.075421660806,3.483206139809347E-5,false,1.0000563699196148,3.1077939225187845E-4,246985700
1.024,13.984848484848486,3428,-0.999835602663603,0.9860517814100075,1.0649359239228082,3.087648840460755E-5,false,1.0000788353088759,2.8786867472174515E-4,143313000
1.024,14.586363636363638,4264,-1.000040783534518,0.9856755048598937,1.0645295452486854,2.7748033771257674E-5,false,1.0001416528421605,2.6982860718777543E-4,177220000
1.024,15.18787878787879,3302,-0.9998393317669025,0.9884825210878772,1.0675611227749073,2.6601777814105887E-5,false,1.0000556342111246,2.6934971798848225E-4,170397500
1.024,15.78939393939394,6673,-0.9999739494040435,0.9930286856616377,1.072470980514569,2.4716876773078766E-5,false,1.0000599769926743,2.6017633621439783E-4,307957600
1.024,16.39090909090909,3488,-0.9999684356790144,0.9903402393490189,1.0695674584969406,2.329929499989003E-5,false,1.000057822116644,2.5459775081698016E-4,191487900
1.024,16.992424242424242,4040,-0.9998196740546552,0.9866680603747272,1.0656015052047054,2.1163579526972676E-5,false,1.0001427686513396,2.3974701454040258E-4,197669800
1.024,17.593939393939394,14105,-0.9999887875332466,0.9934651962529224,1.0729424119531563,1.9502600498211287E-5,false,1.0000530326465291,2.287517141264944E-4,607052800
1.024,18.195454545454545,12589,-1.00000332849435,0.9943392149842181,1.0738863521829556,1.8803093838060114E-5,false,1.0000624465657602,2.2808722616289286E-4,474996300
1.024,18.796969696969697,5241,-1.0001073897980168,0.9842874605878654,1.0630304574348948,1.7040156712777588E-5,false,1.0001073897980168,2.135355395744634E-4,211106500
1.024,19.39848484848485,7098,-1.000091068614297,0.9871173877422206,1.0660867787615982,1.6490040293914987E-5,false,1.0001031257351851,2.13254531194943E-4,269236900
1.024,20.0,6872,-0.9999780166559187,0.9947161922944882,1.0742934876780472,1.5145619321477177E-5,false,1.0000648218111619,2.0194159095302905E-4,264651700
0.512,0.15,2,-1.1167650832569379E-4,0.6736169138280885,0.7275062669343356,1.0001116765083258,false,1.1167650832569379E-4,0.14998324852375114,122200
0.512,0.7515151515151516,17,-0.005199317794976885,0.8038487721219738,0.8681566738917318,1.0036472177237232,false,0.005199317794976885,0.7476202513056561,666400
0.512,1.353030303030303,2669,-0.9968733614645643,0.9943090056654703,1.073853726118708,0.004712111013408182,false,0.9968888730921841,0.004250419328256067,105535200
0.512,1.9545454545454546,1461,-0.998887069393484,0.9944477511888833,1.074003571283994,0.0018190308040408887,false,0.998887069393484,0.002370252259810855,55544300
0.512,2.556060606060606,1247,-0.9994074454059274,0.9914167017586125,1.0707300378993017,9.667705547296013E-4,false,0.9994412771380902,0.0016474160866957954,50641300
0.512,3.1575757575757577,1504,-0.9996435501280212,0.9940328253086933,1.073555451333389,6.441189916890355E-4,false,0.9996435501280212,0.0013559030087676263,57079500
0.512,3.7590909090909093,1192,-0.9996283550493299,0.9859892644569626,1.0648684056135196,4.4956767756887395E-4,false,0.9998306257528659,0.0011266438465135113,46168600
0.512,4.360606060606061,1362,-0.9996491723818595,0.9876618029615108,1.0666747471984317,3.1675488222748793E-4,false,0.999929315043743,9.20828839445162E-4,55161400
0.512,4.962121212121213,1387,-0.9997613944215503,0.9877382015721595,1.0667572576979323,2.452042331766435E-4,false,0.9999383697879219,8.111554178318259E-4,54589200
0.512,5.563636363636364,2497,-0.9998803036466574,0.9943343889754029,1.0738811400934352,1.9571862296730025E-4,false,0.9999273226641832,7.259381651878046E-4,94628300
0.512,6.165151515151516,1579,-0.9998235451274954,0.9845262248583224,1.0632883228469883,1.622748819011255E-4,false,0.9999720635402065,6.669661560158381E-4,61390400
0.512,6.7666666666666675,1566,-0.999805506291466,0.9862039254644535,1.0651002395016098,1.3560103214071972E-4,false,1.0000384548054695,6.117113227681357E-4,60530100
0.512,7.368181818181819,3579,-0.9999529314709964,0.9943324804445962,1.073879078880164,1.1551656273778299E-4,false,0.9999928083467539,5.674313581755946E-4,131512400
0.512,7.969696969696971,1859,-0.9999864557722665,0.9861587684192801,1.0650514698928226,9.246125451511933E-5,false,1.000039501580931,4.912587866156845E-4,74292600
0.512,8.571212121212122,4111,-0.9999450995315627,0.9954814021806723,1.0751199143551262,8.236693342889012E-5,false,1.0000053340333863,4.7065630546185E-4,152087600
0.512,9.172727272727274,2372,-0.9997827844977807,0.9894500765622912,1.0686060826872745,7.147055041334394E-5,false,1.0000415779993204,4.37053244648873E-4,91376900
0.512,9.774242424242425,2584,-1.0000863593801617,0.9862472858668461,1.065147068736194,6.399734455575512E-5,false,1.0000863593801617,4.1701704013048113E-4,101311000
0.512,10.375757575757577,5045,-0.9999853408252604,0.9943726390406629,1.073922450163916,5.717684204809004E-5,false,1.00004443312149,3.9550203469224305E-4,191692100
0.512,10.977272727272728,5297,-0.999999182672831,0.9949645767132058,1.0745617428502623,5.08175132118982E-5,false,1.0000422298200924,3.718918012325278E-4,192846700
0.512,11.57878787878788,4419,-0.9998515103615745,0.9874567549874522,1.0664532953864485,4.518522628993438E-5,false,1.0000779842415572,3.4879343364411976E-4,167520500
0.512,12.180303030303032,3014,-0.9997936374448332,0.9870032719426995,1.0659635336981155,3.97856576623834E-5,false,1.0001103688197295,3.230675777251517E-4,119284600
0.512,12.781818181818183,6629,-1.0000199695426382,0.9914239265157531,1.0707378406370134,3.852461167697108E-5,false,1.0000516055342143,3.28276387986796E-4,244055400
0.512,13.383333333333335,6557,-0.9999858115672287,0.9957607970425927,1.075421660806,3.483206139809347E-5,false,1.0000563699196148,3.1077939225187845E-4,247172500
0.512,13.984848484848486,3428,-0.999835602663603,0.9860517814100075,1.0649359239228082,3.087648840460755E-5,false,1.0000788353088759,2.8786867472174515E-4,133174300
0.512,14.586363636363638,4264,-1.000040783534518,0.9856755048598937,1.0645295452486854,2.7748033771257674E-5,false,1.0001416528421605,2.6982860718777543E-4,164713800
0.512,15.18787878787879,3302,-0.9998393317669025,0.9884825210878772,1.0675611227749073,2.6601777814105887E-5,false,1.0000556342111246,2.6934971798848225E-4,132576100
0.512,15.78939393939394,6673,-0.9999739494040435,0.9930286856616377,1.072470980514569,2.4716876773078766E-5,false,1.0000599769926743,2.6017633621439783E-4,249662500
0.512,16.39090909090909,3488,-0.9999684356790144,0.9903402393490189,1.0695674584969406,2.329929499989003E-5,false,1.000057822116644,2.5459775081698016E-4,141561100
0.512,16.992424242424242,4040,-0.9998196740546552,0.9866680603747272,1.0656015052047054,2.1163579526972676E-5,false,1.0001427686513396,2.3974701454040258E-4,157396100
0.512,17.593939393939394,14105,-0.9999887875332466,0.9934651962529224,1.0729424119531563,1.9502600498211287E-5,false,1.0000530326465291,2.287517141264944E-4,517877000
0.512,18.195454545454545,12589,-1.00000332849435,0.9943392149842181,1.0738863521829556,1.8803093838060114E-5,false,1.0000624465657602,2.2808722616289286E-4,459652900
0.512,18.796969696969697,5241,-1.0001073897980168,0.9842874605878654,1.0630304574348948,1.7040156712777588E-5,false,1.0001073897980168,2.135355395744634E-4,201513900
0.512,19.39848484848485,7098,-1.000091068614297,0.9871173877422206,1.0660867787615982,1.6490040293914987E-5,false,1.0001031257351851,2.13254531194943E-4,271023800
0.512,20.0,6872,-0.9999780166559187,0.9947161922944882,1.0742934876780472,1.5145619321477177E-5,false,1.0000648218111619,2.0194159095302905E-4,263992000
0.256,0.15,2,-1.1167650832569379E-4,0.6736169138280885,0.7275062669343356,1.0001116765083258,false,1.1167650832569379E-4,0.14998324852375114,130800
0.256,0.7515151515151516,17,-0.005199317794976885,0.8038487721219738,0.8681566738917318,1.0036472177237232,false,0.005199317794976885,0.7476202513056561,645400
0.256,1.353030303030303,2669,-0.9968733614645643,0.9943090056654703,1.073853726118708,0.004712111013408182,false,0.9968888730921841,0.004250419328256067,102497800
0.256,1.9545454545454546,1461,-0.998887069393484,0.9944477511888833,1.074003571283994,0.0018190308040408887,false,0.998887069393484,0.002370252259810855,65469700
0.256,2.556060606060606,1247,-0.9994074454059274,0.9914167017586125,1.0707300378993017,9.667705547296013E-4,false,0.9994412771380902,0.0016474160866957954,49553400
0.256,3.1575757575757577,1504,-0.9996435501280212,0.9940328253086933,1.073555451333389,6.441189916890355E-4,false,0.9996435501280212,0.0013559030087676263,57776400
0.256,3.7590909090909093,1192,-0.9996283550493299,0.9859892644569626,1.0648684056135196,4.4956767756887395E-4,false,0.9998306257528659,0.0011266438465135113,48341500
0.256,4.360606060606061,1362,-0.9996491723818595,0.9876618029615108,1.0666747471984317,3.1675488222748793E-4,false,0.999929315043743,9.20828839445162E-4,53133700
0.256,4.962121212121213,1387,-0.9997613944215503,0.9877382015721595,1.0667572576979323,2.452042331766435E-4,false,0.9999383697879219,8.111554178318259E-4,55024700
0.256,5.563636363636364,2497,-0.9998803036466574,0.9943343889754029,1.0738811400934352,1.9571862296730025E-4,false,0.9999273226641832,7.259381651878046E-4,103399300
0.256,6.165151515151516,1579,-0.9998235451274954,0.9845262248583224,1.0632883228469883,1.622748819011255E-4,false,0.9999720635402065,6.669661560158381E-4,61417300
0.256,6.7666666666666675,1566,-0.999805506291466,0.9862039254644535,1.0651002395016098,1.3560103214071972E-4,false,1.0000384548054695,6.117113227681357E-4,66720800
0.256,7.368181818181819,3579,-0.9999529314709964,0.9943324804445962,1.073879078880164,1.1551656273778299E-4,false,0.9999928083467539,5.674313581755946E-4,131449400
0.256,7.969696969696971,1859,-0.9999864557722665,0.9861587684192801,1.0650514698928226,9.246125451511933E-5,false,1.000039501580931,4.912587866156845E-4,71890400
0.256,8.571212121212122,4111,-0.9999450995315627,0.9954814021806723,1.0751199143551262,8.236693342889012E-5,false,1.0000053340333863,4.7065630546185E-4,153994200
0.256,9.172727272727274,2372,-0.9997827844977807,0.9894500765622912,1.0686060826872745,7.147055041334394E-5,false,1.0000415779993204,4.37053244648873E-4,93933400
0.256,9.774242424242425,2584,-1.0000863593801617,0.9862472858668461,1.065147068736194,6.399734455575512E-5,false,1.0000863593801617,4.1701704013048113E-4,98556200
0.256,10.375757575757577,5045,-0.9999853408252604,0.9943726390406629,1.073922450163916,5.717684204809004E-5,false,1.00004443312149,3.9550203469224305E-4,185526300
0.256,10.977272727272728,5297,-0.999999182672831,0.9949645767132058,1.0745617428502623,5.08175132118982E-5,false,1.0000422298200924,3.718918012325278E-4,196128000
0.256,11.57878787878788,4419,-0.9998515103615745,0.9874567549874522,1.0664532953864485,4.518522628993438E-5,false,1.0000779842415572,3.4879343364411976E-4,175420700
0.256,12.180303030303032,3014,-0.9997936374448332,0.9870032719426995,1.0659635336981155,3.97856576623834E-5,false,1.0001103688197295,3.230675777251517E-4,114910700
0.256,12.781818181818183,6629,-1.0000199695426382,0.9914239265157531,1.0707378406370134,3.852461167697108E-5,false,1.0000516055342143,3.28276387986796E-4,246270000
0.256,13.383333333333335,6557,-0.9999858115672287,0.9957607970425927,1.075421660806,3.483206139809347E-5,false,1.0000563699196148,3.1077939225187845E-4,242233600
0.256,13.984848484848486,3428,-0.999835602663603,0.9860517814100075,1.0649359239228082,3.087648840460755E-5,false,1.0000788353088759,2.8786867472174515E-4,135144900
0.256,14.586363636363638,4264,-1.000040783534518,0.9856755048598937,1.0645295452486854,2.7748033771257674E-5,false,1.0001416528421605,2.6982860718777543E-4,180016600
0.256,15.18787878787879,3302,-0.9998393317669025,0.9884825210878772,1.0675611227749073,2.6601777814105887E-5,false,1.0000556342111246,2.6934971798848225E-4,128965800
0.256,15.78939393939394,6673,-0.9999739494040435,0.9930286856616377,1.072470980514569,2.4716876773078766E-5,false,1.0000599769926743,2.6017633621439783E-4,247874600
0.256,16.39090909090909,3488,-0.9999684356790144,0.9903402393490189,1.0695674584969406,2.329929499989003E-5,false,1.000057822116644,2.5459775081698016E-4,136933000
0.256,16.992424242424242,4040,-0.9998196740546552,0.9866680603747272,1.0656015052047054,2.1163579526972676E-5,false,1.0001427686513396,2.3974701454040258E-4,156676800
0.256,17.593939393939394,14105,-0.9999887875332466,0.9934651962529224,1.0729424119531563,1.9502600498211287E-5,false,1.0000530326465291,2.287517141264944E-4,511147900
0.256,18.195454545454545,12589,-1.00000332849435,0.9943392149842181,1.0738863521829556,1.8803093838060114E-5,false,1.0000624465657602,2.2808722616289286E-4,462703700
0.256,18.796969696969697,5241,-1.0001073897980168,0.9842874605878654,1.0630304574348948,1.7040156712777588E-5,false,1.0001073897980168,2.135355395744634E-4,201605500
0.256,19.39848484848485,7098,-1.000091068614297,0.9871173877422206,1.0660867787615982,1.6490040293914987E-5,false,1.0001031257351851,2.13254531194943E-4,262693200
0.256,20.0,6872,-0.9999780166559187,0.9947161922944882,1.0742934876780472,1.5145619321477177E-5,false,1.0000648218111619,2.0194159095302905E-4,259947500
0.128,0.15,2,-1.1167650832569379E-4,0.6736169138280885,0.7275062669343356,1.0001116765083258,false,1.1167650832569379E-4,0.14998324852375114,123800
0.128,0.7515151515151516,17,-0.005199317794976885,0.8038487721219738,0.8681566738917318,1.0036472177237232,false,0.005199317794976885,0.7476202513056561,670900
0.128,1.353030303030303,2669,-0.9968733614645643,0.9943090056654703,1.073853726118708,0.004712111013408182,false,0.9968888730921841,0.004250419328256067,115678500
0.128,1.9545454545454546,1461,-0.998887069393484,0.9944477511888833,1.074003571283994,0.0018190308040408887,false,0.998887069393484,0.002370252259810855,56213100
0.128,2.556060606060606,1247,-0.9994074454059274,0.9914167017586125,1.0707300378993017,9.667705547296013E-4,false,0.9994412771380902,0.0016474160866957954,48767400
0.128,3.1575757575757577,1504,-0.9996435501280212,0.9940328253086933,1.073555451333389,6.441189916890355E-4,false,0.9996435501280212,0.0013559030087676263,60099500
0.128,3.7590909090909093,1192,-0.9996283550493299,0.9859892644569626,1.0648684056135196,4.4956767756887395E-4,false,0.9998306257528659,0.0011266438465135113,46351400
0.128,4.360606060606061,1362,-0.9996491723818595,0.9876618029615108,1.0666747471984317,3.1675488222748793E-4,false,0.999929315043743,9.20828839445162E-4,52803400
0.128,4.962121212121213,1387,-0.9997613944215503,0.9877382015721595,1.0667572576979323,2.452042331766435E-4,false,0.9999383697879219,8.111554178318259E-4,56132300
0.128,5.563636363636364,2497,-0.9998803036466574,0.9943343889754029,1.0738811400934352,1.9571862296730025E-4,false,0.9999273226641832,7.259381651878046E-4,92755600
0.128,6.165151515151516,1579,-0.9998235451274954,0.9845262248583224,1.0632883228469883,1.622748819011255E-4,false,0.9999720635402065,6.669661560158381E-4,62528200
0.128,6.7666666666666675,1566,-0.999805506291466,0.9862039254644535,1.0651002395016098,1.3560103214071972E-4,false,1.0000384548054695,6.117113227681357E-4,60783300
0.128,7.368181818181819,3579,-0.9999529314709964,0.9943324804445962,1.073879078880164,1.1551656273778299E-4,false,0.9999928083467539,5.674313581755946E-4,142503000
0.128,7.969696969696971,1859,-0.9999864557722665,0.9861587684192801,1.0650514698928226,9.246125451511933E-5,false,1.000039501580931,4.912587866156845E-4,72697200
0.128,8.571212121212122,4111,-0.9999450995315627,0.9954814021806723,1.0751199143551262,8.236693342889012E-5,false,1.0000053340333863,4.7065630546185E-4,151091700
0.128,9.172727272727274,2372,-0.9997827844977807,0.9894500765622912,1.0686060826872745,7.147055041334394E-5,false,1.0000415779993204,4.37053244648873E-4,93385900
0.128,9.774242424242425,2584,-1.0000863593801617,0.9862472858668461,1.065147068736194,6.399734455575512E-5,false,1.0000863593801617,4.1701704013048113E-4,98688600
0.128,10.375757575757577,5045,-0.9999853408252604,0.9943726390406629,1.073922450163916,5.717684204809004E-5,false,1.00004443312149,3.9550203469224305E-4,186358100
0.128,10.977272727272728,5297,-0.999999182672831,0.9949645767132058,1.0745617428502623,5.08175132118982E-5,false,1.0000422298200924,3.718918012325278E-4,194578100
0.128,11.57878787878788,4419,-0.9998515103615745,0.9874567549874522,1.0664532953864485,4.518522628993438E-5,false,1.0000779842415572,3.4879343364411976E-4,168838400
0.128,12.180303030303032,3014,-0.9997936374448332,0.9870032719426995,1.0659635336981155,3.97856576623834E-5,false,1.0001103688197295,3.230675777251517E-4,147938700
0.128,12.781818181818183,6629,-1.0000199695426382,0.9914239265157531,1.0707378406370134,3.852461167697108E-5,false,1.0000516055342143,3.28276387986796E-4,285184000
0.128,13.383333333333335,6557,-0.9999858115672287,0.9957607970425927,1.075421660806,3.483206139809347E-5,false,1.0000563699196148,3.1077939225187845E-4,246271000
0.128,13.984848484848486,3428,-0.999835602663603,0.9860517814100075,1.0649359239228082,3.087648840460755E-5,false,1.0000788353088759,2.8786867472174515E-4,136849300
0.128,14.586363636363638,4264,-1.000040783534518,0.9856755048598937,1.0645295452486854,2.7748033771257674E-5,false,1.0001416528421605,2.6982860718777543E-4,164196400
0.128,15.18787878787879,3302,-0.9998393317669025,0.9884825210878772,1.0675611227749073,2.6601777814105887E-5,false,1.0000556342111246,2.6934971798848225E-4,130416700
0.128,15.78939393939394,6673,-0.9999739494040435,0.9930286856616377,1.072470980514569,2.4716876773078766E-5,false,1.0000599769926743,2.6017633621439783E-4,247419700
0.128,16.39090909090909,3488,-0.9999684356790144,0.9903402393490189,1.0695674584969406,2.329929499989003E-5,false,1.000057822116644,2.5459775081698016E-4,137685900
0.128,16.992424242424242,4040,-0.9998196740546552,0.9866680603747272,1.0656015052047054,2.1163579526972676E-5,false,1.0001427686513396,2.3974701454040258E-4,160804700
0.128,17.593939393939394,14105,-0.9999887875332466,0.9934651962529224,1.0729424119531563,1.9502600498211287E-5,false,1.0000530326465291,2.287517141264944E-4,538461500
0.128,18.195454545454545,12589,-1.00000332849435,0.9943392149842181,1.0738863521829556,1.8803093838060114E-5,false,1.0000624465657602,2.2808722616289286E-4,487444700
0.128,18.796969696969697,5241,-1.0001073897980168,0.9842874605878654,1.0630304574348948,1.7040156712777588E-5,false,1.0001073897980168,2.135355395744634E-4,203075700
0.128,19.39848484848485,7098,-1.000091068614297,0.9871173877422206,1.0660867787615982,1.6490040293914987E-5,false,1.0001031257351851,2.13254531194943E-4,286687600
0.128,20.0,6872,-0.9999780166559187,0.9947161922944882,1.0742934876780472,1.5145619321477177E-5,false,1.0000648218111619,2.0194159095302905E-4,256026200
0.064,0.15,2,-1.1167650832569379E-4,0.6736169138280885,0.7275062669343356,1.0001116765083258,false,1.1167650832569379E-4,0.14998324852375114,158600
0.064,0.7515151515151516,17,-0.005199317794976885,0.8038487721219738,0.8681566738917318,1.0036472177237232,false,0.005199317794976885,0.7476202513056561,655400
0.064,1.353030303030303,2669,-0.9968733614645643,0.9943090056654703,1.073853726118708,0.004712111013408182,false,0.9968888730921841,0.004250419328256067,104494400
0.064,1.9545454545454546,1499,-0.9989073311280364,0.9924843151016005,1.0718830603097287,0.0017933488279222587,false,0.9989073311280364,0.0023367878666865796,57441300
0.064,2.556060606060606,1316,-0.9993982678851625,0.9904774543897187,1.0697156507408963,9.82399482619578E-4,false,0.9994605866805678,0.0016740484112921497,53966800
0.064,3.1575757575757577,1226,-0.9995531607559189,0.9866558429852708,1.0655883104240924,6.342303167151675E-4,false,0.9996846272875339,0.0013350868485196051,47895800
0.064,3.7590909090909093,1192,-0.9996283550493299,0.9859892644569626,1.0648684056135196,4.4956767756887395E-4,false,0.9998306257528659,0.0011266438465135113,46738000
0.064,4.360606060606061,1362,-0.9996491723818595,0.9876618029615108,1.0666747471984317,3.1675488222748793E-4,false,0.999929315043743,9.20828839445162E-4,61635800
0.064,4.962121212121213,1387,-0.9997613944215503,0.9877382015721595,1.0667572576979323,2.452042331766435E-4,false,0.9999383697879219,8.111554178318259E-4,56503800
0.064,5.563636363636364,2497,-0.9998803036466574,0.9943343889754029,1.0738811400934352,1.9571862296730025E-4,false,0.9999273226641832,7.259381651878046E-4,94363700
0.064,6.165151515151516,1579,-0.9998235451274954,0.9845262248583224,1.0632883228469883,1.622748819011255E-4,false,0.9999720635402065,6.669661560158381E-4,62268200
0.064,6.7666666666666675,1566,-0.999805506291466,0.9862039254644535,1.0651002395016098,1.3560103214071972E-4,false,1.0000384548054695,6.117113227681357E-4,60613900
0.064,7.368181818181819,3579,-0.9999529314709964,0.9943324804445962,1.073879078880164,1.1551656273778299E-4,false,0.9999928083467539,5.674313581755946E-4,130998200
0.064,7.969696969696971,1859,-0.9999864557722665,0.9861587684192801,1.0650514698928226,9.246125451511933E-5,false,1.000039501580931,4.912587866156845E-4,73596900
0.064,8.571212121212122,4111,-0.9999450995315627,0.9954814021806723,1.0751199143551262,8.236693342889012E-5,false,1.0000053340333863,4.7065630546185E-4,150369800
0.064,9.172727272727274,2372,-0.9997827844977807,0.9894500765622912,1.0686060826872745,7.147055041334394E-5,false,1.0000415779993204,4.37053244648873E-4,94733500
0.064,9.774242424242425,2584,-1.0000863593801617,0.9862472858668461,1.065147068736194,6.399734455575512E-5,false,1.0000863593801617,4.1701704013048113E-4,101280300
0.064,10.375757575757577,5045,-0.9999853408252604,0.9943726390406629,1.073922450163916,5.717684204809004E-5,false,1.00004443312149,3.9550203469224305E-4,185406400
0.064,10.977272727272728,5297,-0.999999182672831,0.9949645767132058,1.0745617428502623,5.08175132118982E-5,false,1.0000422298200924,3.718918012325278E-4,194609300
0.064,11.57878787878788,4419,-0.9998515103615745,0.9874567549874522,1.0664532953864485,4.518522628993438E-5,false,1.0000779842415572,3.4879343364411976E-4,174726500
0.064,12.180303030303032,3014,-0.9997936374448332,0.9870032719426995,1.0659635336981155,3.97856576623834E-5,false,1.0001103688197295,3.230675777251517E-4,116615000
0.064,12.781818181818183,6629,-1.0000199695426382,0.9914239265157531,1.0707378406370134,3.852461167697108E-5,false,1.0000516055342143,3.28276387986796E-4,247265300
0.064,13.383333333333335,6557,-0.9999858115672287,0.9957607970425927,1.075421660806,3.483206139809347E-5,false,1.0000563699196148,3.1077939225187845E-4,240498600
0.064,13.984848484848486,3428,-0.999835602663603,0.9860517814100075,1.0649359239228082,3.087648840460755E-5,false,1.0000788353088759,2.8786867472174515E-4,140657400
0.064,14.586363636363638,4264,-1.000040783534518,0.9856755048598937,1.0645295452486854,2.7748033771257674E-5,false,1.0001416528421605,2.6982860718777543E-4,163392100
0.064,15.18787878787879,3302,-0.9998393317669025,0.9884825210878772,1.0675611227749073,2.6601777814105887E-5,false,1.0000556342111246,2.6934971798848225E-4,128548800
0.064,15.78939393939394,6673,-0.9999739494040435,0.9930286856616377,1.072470980514569,2.4716876773078766E-5,false,1.0000599769926743,2.6017633621439783E-4,246034000
0.064,16.39090909090909,3488,-0.9999684356790144,0.9903402393490189,1.0695674584969406,2.329929499989003E-5,false,1.000057822116644,2.5459775081698016E-4,135215200
0.064,16.992424242424242,4040,-0.9998196740546552,0.9866680603747272,1.0656015052047054,2.1163579526972676E-5,false,1.0001427686513396,2.3974701454040258E-4,156715400
0.064,17.593939393939394,14105,-0.9999887875332466,0.9934651962529224,1.0729424119531563,1.9502600498211287E-5,false,1.0000530326465291,2.287517141264944E-4,542654500
0.064,18.195454545454545,12589,-1.00000332849435,0.9943392149842181,1.0738863521829556,1.8803093838060114E-5,false,1.0000624465657602,2.2808722616289286E-4,468527500
0.064,18.796969696969697,5241,-1.0001073897980168,0.9842874605878654,1.0630304574348948,1.7040156712777588E-5,false,1.0001073897980168,2.135355395744634E-4,198954500
0.064,19.39848484848485,7098,-1.000091068614297,0.9871173877422206,1.0660867787615982,1.6490040293914987E-5,false,1.0001031257351851,2.13254531194943E-4,273330800
0.064,20.0,6872,-0.9999780166559187,0.9947161922944882,1.0742934876780472,1.5145619321477177E-5,false,1.0000648218111619,2.0194159095302905E-4,258562300
0.032,0.15,2,-1.1167650832569379E-4,0.6736169138280885,0.7275062669343356,1.0001116765083258,false,1.1167650832569379E-4,0.14998324852375114,122900
0.032,0.7515151515151516,17,-0.005199317794976885,0.8038487721219738,0.8681566738917318,1.0036472177237232,false,0.005199317794976885,0.7476202513056561,672800
0.032,1.353030303030303,2669,-0.9968733614645643,0.9943090056654703,1.073853726118708,0.004712111013408182,false,0.9968888730921841,0.004250419328256067,107326400
0.032,1.9545454545454546,1495,-0.9988737483631859,0.9939847665584078,1.0735035478830806,0.0018116974756794413,false,0.9988972139417603,0.0023606967107338175,56702900
0.032,2.556060606060606,1230,-0.99942969821127,0.9931720409081664,1.0726258041808197,9.805816503222209E-4,false,0.99942969821127,0.0016709507516096834,50771000
0.032,3.1575757575757577,1180,-0.9995542790357186,0.9868162743644173,1.0657615763135708,6.409191815081039E-4,false,0.999672495549656,0.0013491672467301904,45968800
0.032,3.7590909090909093,1262,-0.9996936091979736,0.986454871490636,1.065371261209887,4.469026276952004E-4,false,0.9998686539267001,0.0011199650700119113,47020200
0.032,4.360606060606061,1899,-0.9998223827025561,0.9946549807035088,1.0742273791597896,3.19757611689675E-4,false,0.9998351132434906,9.295579863059442E-4,74831600
0.032,4.962121212121213,1387,-0.9997613944215503,0.9877382015721595,1.0667572576979323,2.452042331766435E-4,false,0.9999383697879219,8.111554178318259E-4,67309000
0.032,5.563636363636364,1440,-0.9998404623261127,0.9859291874770458,1.0648035224752095,1.909263692414509E-4,false,0.9999483215848116,7.081632604591997E-4,64980400
0.032,6.165151515151516,2049,-1.0000386948110749,0.9865072620832095,1.0654278430498663,1.68714115133195E-4,false,1.0000386948110749,6.93432055027243E-4,82875800
0.032,6.7666666666666675,1532,-0.9999877094156601,0.9860728111372791,1.0649586360282615,1.3274003357177655E-4,false,1.0000384388931187,5.988050403349032E-4,60870800
0.032,7.368181818181819,3448,-0.9999048163490767,0.9955041296419991,1.075144460013359,1.1590673052952472E-4,false,1.000003886835794,5.693479096616957E-4,128685700
0.032,7.969696969696971,1859,-0.9999864557722665,0.9861587684192801,1.0650514698928226,9.246125451511933E-5,false,1.000039501580931,4.912587866156845E-4,73777200
0.032,8.571212121212122,2055,-0.9999905638027146,0.9860177474027889,1.064899167195012,8.156725708963197E-5,false,1.0000873258940375,4.66086841773786E-4,79706300
0.032,9.172727272727274,2372,-0.9997827844977807,0.9894500765622912,1.0686060826872745,7.147055041334394E-5,false,1.0000415779993204,4.37053244648873E-4,93659200
0.032,9.774242424242425,2584,-1.0000863593801617,0.9862472858668461,1.065147068736194,6.399734455575512E-5,false,1.0000863593801617,4.1701704013048113E-4,106308300
0.032,10.375757575757577,3441,-0.9998371561633086,0.9874786866170403,1.0664769815464037,5.712796626766714E-5,false,1.0000847896734129,3.9516395252624714E-4,131609500
0.032,10.977272727272728,2700,-0.9997976840595272,0.9866854165473632,1.0656202498711522,4.9970102029894825E-5,false,1.000125425938309,3.656902921278667E-4,104951800
0.032,11.57878787878788,4419,-0.9998515103615745,0.9874567549874522,1.0664532953864485,4.518522628993438E-5,false,1.0000779842415572,3.4879343364411976E-4,167317500
0.032,12.180303030303032,2575,-1.0000344149637383,0.9856597390065392,1.0645125181270625,3.9840242205491094E-5,false,1.000086100148392,3.235108152423666E-4,99953900
0.032,12.781818181818183,6629,-1.0000199695426382,0.9914239265157531,1.0707378406370134,3.852461167697108E-5,false,1.0000516055342143,3.28276387986796E-4,250569700
0.032,13.383333333333335,6557,-0.9999858115672287,0.9957607970425927,1.075421660806,3.483206139809347E-5,false,1.0000563699196148,3.1077939225187845E-4,267469700
0.032,13.984848484848486,3428,-0.999835602663603,0.9860517814100075,1.0649359239228082,3.087648840460755E-5,false,1.0000788353088759,2.8786867472174515E-4,133994100
0.032,14.586363636363638,4264,-1.000040783534518,0.9856755048598937,1.0645295452486854,2.7748033771257674E-5,false,1.0001416528421605,2.6982860718777543E-4,180115800
0.032,15.18787878787879,3302,-0.9998393317669025,0.9884825210878772,1.0675611227749073,2.6601777814105887E-5,false,1.0000556342111246,2.6934971798848225E-4,145157400
0.032,15.78939393939394,6673,-0.9999739494040435,0.9930286856616377,1.072470980514569,2.4716876773078766E-5,false,1.0000599769926743,2.6017633621439783E-4,267568200
0.032,16.39090909090909,3488,-0.9999684356790144,0.9903402393490189,1.0695674584969406,2.329929499989003E-5,false,1.000057822116644,2.5459775081698016E-4,203757800
0.032,16.992424242424242,4040,-0.9998196740546552,0.9866680603747272,1.0656015052047054,2.1163579526972676E-5,false,1.0001427686513396,2.3974701454040258E-4,225255600
0.032,17.593939393939394,14105,-0.9999887875332466,0.9934651962529224,1.0729424119531563,1.9502600498211287E-5,false,1.0000530326465291,2.287517141264944E-4,652616400
0.032,18.195454545454545,12589,-1.00000332849435,0.9943392149842181,1.0738863521829556,1.8803093838060114E-5,false,1.0000624465657602,2.2808722616289286E-4,524304100
0.032,18.796969696969697,5241,-1.0001073897980168,0.9842874605878654,1.0630304574348948,1.7040156712777588E-5,false,1.0001073897980168,2.135355395744634E-4,226235900
0.032,19.39848484848485,7098,-1.000091068614297,0.9871173877422206,1.0660867787615982,1.6490040293914987E-5,false,1.0001031257351851,2.13254531194943E-4,280447900
0.032,20.0,6872,-0.9999780166559187,0.9947161922944882,1.0742934876780472,1.5145619321477177E-5,false,1.0000648218111619,2.0194159095302905E-4,264156300
0.016,0.15,2,-1.1167650832569379E-4,0.6736169138280885,0.7275062669343356,1.0001116765083258,false,1.1167650832569379E-4,0.14998324852375114,151200
0.016,0.7515151515151516,17,-0.005199317794976885,0.8038487721219738,0.8681566738917318,1.0036472177237232,false,0.005199317794976885,0.7476202513056561,712200
0.016,1.353030303030303,1904,-0.9968690764418032,0.994622412542376,1.0741922055457662,0.0047190807540463675,false,0.9968842115597621,0.004256706175114552,89048800
0.016,1.9545454545454546,1492,-0.9989361221447054,0.9912927567275468,1.0705961772657506,0.0017951647565546125,false,0.9989361221447054,0.002339154076722677,74635500
0.016,2.556060606060606,1225,-0.9994891992470956,0.9889340730568086,1.0680487989013534,9.601456577044143E-4,false,0.9994891992470956,0.0016361269944922695,80290800
0.016,3.1575757575757577,1180,-0.9995542790357186,0.9868162743644173,1.0657615763135708,6.409191815081039E-4,false,0.999672495549656,0.0013491672467301904,71066000
0.016,3.7590909090909093,1262,-0.9996936091979736,0.986454871490636,1.065371261209887,4.469026276952004E-4,false,0.9998686539267001,0.0011199650700119113,55273800
0.016,4.360606060606061,1899,-0.9998223827025561,0.9946549807035088,1.0742273791597896,3.19757611689675E-4,false,0.9998351132434906,9.295579863059442E-4,83590700
0.016,4.962121212121213,859,-0.9998003606257841,0.9854057612749437,1.0642382221769393,2.4311497540419058E-4,false,0.9999132863713909,8.042439842916407E-4,37655500
0.016,5.563636363636364,2546,-0.9998914152868853,0.9937741495558179,1.0732760815202833,1.960006703548567E-4,false,0.999932758947885,7.269843045889231E-4,104766800
0.016,6.165151515151516,1680,-0.9997203108110534,0.985899092216268,1.0647710195935696,1.636431939798788E-4,false,0.999989194404471,6.725900568728555E-4,77250700
0.016,6.7666666666666675,1619,-0.9998236425192356,0.9890828850893406,1.068209515896488,1.3175683826605056E-4,false,0.9999970239110539,5.943697370668503E-4,78568100
0.016,7.368181818181819,1742,-0.9998832417034396,0.9887826855953832,1.067885300443014,1.1329779528801431E-4,false,0.9999917684726058,5.565325035208218E-4,95136300
0.016,7.969696969696971,1838,-1.0000221554804278,0.9884254218059068,1.0674994555503794,9.314246439451335E-5,false,1.0000271353595502,4.948781441567073E-4,81163100
0.016,8.571212121212122,4193,-0.9999493768164132,0.9957350492692204,1.075393853210758,8.258187737331113E-5,false,1.0000123965452348,4.718845255563849E-4,164315600
0.016,9.172727272727274,2412,-1.0000195239999745,0.9853172912140511,1.0641426745111753,7.202579377130203E-5,false,1.0001057796747308,4.4044864191056823E-4,96352500
0.016,9.774242424242425,2901,-1.0000507220083206,0.9864813932755946,1.0653999047376421,6.355407303570981E-5,false,1.0000554399871098,4.1412861126602433E-4,114212600
0.016,10.375757575757577,5568,-0.9999730486034079,0.9945405920687311,1.0741038394342297,5.707016872713577E-5,false,1.0000378769628615,3.947641570135614E-4,206234400
0.016,10.977272727272728,2628,-0.9997875073016536,0.9870262907431635,1.0659883940026167,4.989351271467157E-5,false,1.0001379267091919,3.6512979759373293E-4,104378700
0.016,11.57878787878788,6815,-0.9999618541640716,0.9949775830178116,1.0745757896592365,4.53981112534807E-5,false,1.0000423193025119,3.50436733534444E-4,258992300
0.016,12.180303030303032,5223,-0.9999301959335496,0.9928686367603868,1.0722981277012178,4.055958765725176E-5,false,1.0000513632834669,3.293520456329767E-4,225746500
0.016,12.781818181818183,3597,-0.9998904741002163,0.9882909944832602,1.067354274041921,3.88440011158675E-5,false,1.0000836599424858,3.3099797314490735E-4,170336200
0.016,13.383333333333335,8461,-0.9999890804965592,0.9954506779820351,1.075086732220598,3.47172401837792E-5,false,1.0000497883768946,3.0975493186194105E-4,342740600
0.016,13.984848484848486,5882,-0.9999679058857933,0.9885528278662638,1.0676370540955649,3.109243930077277E-5,false,1.0000602332582715,2.898820350971037E-4,245815500
0.016,14.586363636363638,5344,-0.9998071977270613,0.9870426575418628,1.0660060701452119,2.785544939398754E-5,false,1.0001418332558674,2.708731427433516E-4,207363600
0.016,15.18787878787879,7381,-1.0000429843645857,0.990674463083178,1.0699284201298322,2.6911218476199927E-5,false,1.0000723212358382,2.724828828337658E-4,278986200
0.016,15.78939393939394,9191,-0.9999488857407831,0.9939847199680083,1.073503497565449,2.4501066857918197E-5,false,1.0000599616705912,2.579046643700662E-4,353897100
0.016,16.39090909090909,11280,-0.9999833406865438,0.9922746346978354,1.0716566054736623,2.3725134513208346E-5,false,1.0000556691130507,2.592510153170585E-4,416838900
0.016,16.992424242424242,5106,-1.000014617231248,0.9904212390885764,1.0696549382156626,2.114995251045748E-5,false,1.0000580735314557,2.395926438432128E-4,193333700
0.016,17.593939393939394,4506,-0.9998494576250059,0.9852015634485151,1.0640176885243964,1.9236289239166204E-5,false,1.0001454259626525,2.256280713587858E-4,223637700
0.016,18.195454545454545,6456,-1.0001159508744009,0.9866975511309888,1.0656333552214678,1.8682301278105662E-5,false,1.0001159508744009,2.266219758068393E-4,297654800
0.016,18.796969696969697,17593,-0.9999820583198137,0.9935446661506686,1.0730282394427222,1.7114502002812948E-5,false,1.0000593434884395,2.1446718368373476E-4,679379200
0.016,19.39848484848485,10166,-1.0000529217967742,0.9914655660035071,1.0707828112837878,1.6631546703949063E-5,false,1.0000859183179727,2.1508453782894936E-4,406638600
0.016,20.0,5986,-1.0000060765606236,0.9928731154315805,1.072302964666107,1.5140372643163147E-5,false,1.0000728922972983,2.0187163524217527E-4,260969900
0.008,0.15,2,-1.1167650832569379E-4,0.6736169138280885,0.7275062669343356,1.0001116765083258,false,1.1167650832569379E-4,0.14998324852375114,122900
0.008,0.7515151515151516,17,-0.005199317794976885,0.8038487721219738,0.8681566738917318,1.0036472177237232,false,0.005199317794976885,0.7476202513056561,639600
0.008,1.353030303030303,2451,-0.9968715076774516,0.992147217574992,1.0715189949809913,0.00475711498435083,false,0.9968859253193719,0.004291013819217465,108615800
0.008,1.9545454545454546,1492,-0.9989361221447054,0.9912927567275468,1.0705961772657506,0.0017951647565546125,false,0.9989361221447054,0.002339154076722677,56910000
0.008,2.556060606060606,1158,-0.9994561627678235,0.9872541952530911,1.0662345308733385,9.745572046486739E-4,false,0.9994564913439471,0.001660684852770013,46322400
0.008,3.1575757575757577,1180,-0.9995542790357186,0.9868162743644173,1.0657615763135708,6.409191815081039E-4,false,0.999672495549656,0.0013491672467301904,49361900
0.008,3.7590909090909093,1262,-0.9996936091979736,0.986454871490636,1.065371261209887,4.469026276952004E-4,false,0.9998686539267001,0.0011199650700119113,49285000
0.008,4.360606060606061,1899,-0.9998223827025561,0.9946549807035088,1.0742273791597896,3.19757611689675E-4,false,0.9998351132434906,9.295579863059442E-4,75132200
0.008,4.962121212121213,822,-0.9998073247926104,0.9920293553334991,1.0713917037601792,2.4145826620791677E-4,false,0.9999065854943291,7.987634563948763E-4,34392700
0.008,5.563636363636364,2546,-0.9998914152868853,0.9937741495558179,1.0732760815202833,1.960006703548567E-4,false,0.999932758947885,7.269843045889231E-4,98759600
0.008,6.165151515151516,1680,-0.9997203108110534,0.985899092216268,1.0647710195935696,1.636431939798788E-4,false,0.999989194404471,6.725900568728555E-4,67045300
0.008,6.7666666666666675,2273,-0.9997496025387068,0.9876830157248869,1.0666976569828779,1.3255470015594017E-4,false,1.0000743455402188,5.979689807034636E-4,87816800
0.008,7.368181818181819,1742,-0.9998832417034396,0.9887826855953832,1.067885300443014,1.1329779528801431E-4,false,0.9999917684726058,5.565325035208218E-4,70180700
0.008,7.969696969696971,1838,-1.0000221554804278,0.9884254218059068,1.0674994555503794,9.314246439451335E-5,false,1.0000271353595502,4.948781441567073E-4,72523400
0.008,8.571212121212122,4193,-0.9999493768164132,0.9957350492692204,1.075393853210758,8.258187737331113E-5,false,1.0000123965452348,4.718845255563849E-4,180151400
0.008,9.172727272727274,2412,-1.0000195239999745,0.9853172912140511,1.0641426745111753,7.202579377130203E-5,false,1.0001057796747308,4.4044864191056823E-4,98378800
0.008,9.774242424242425,2901,-1.0000507220083206,0.9864813932755946,1.0653999047376421,6.355407303570981E-5,false,1.0000554399871098,4.1412861126602433E-4,129661600
0.008,10.375757575757577,3628,-0.9999366058374063,0.9926703634839855,1.0720839925627044,5.647006789810671E-5,false,1.0000351819709132,3.906131565315503E-4,140563900
0.008,10.977272727272728,2816,-0.999793242609053,0.9843067096975491,1.063051246473353,5.0058068508440634E-5,false,1.0001098658789247,3.663340468117702E-4,117793200
0.008,11.57878787878788,4562,-0.9998525063960447,0.9849260186540986,1.0637201001464265,4.4963083100424406E-5,false,1.000093155667457,3.4707866773075086E-4,197385800
0.008,12.180303030303032,1572,-0.9999238400188033,0.9867235249954133,1.0656614069950463,3.942165678660903E-5,false,1.0000669998785896,3.201118170783333E-4,67294500
0.008,12.781818181818183,2089,-1.000028532083361,0.9852855244398697,1.0641083663950595,3.791969086097691E-5,false,1.0000743928460525,3.231217293971729E-4,81949400
0.008,13.383333333333335,7331,-1.0000134032027228,0.9948798315541201,1.0744702180784498,3.4684790866990056E-5,false,1.0000612910446778,3.094654118465891E-4,277200800
0.008,13.984848484848486,7237,-1.0000118350951406,0.994027152981925,1.073549325220479,3.1243743359277154E-5,false,1.0000557433926562,2.91292677985988E-4,271969200
0.008,14.586363636363638,2440,-0.9998503999280918,0.9879131859559833,1.0669462408324621,2.7632130562782464E-5,false,1.0000770093448128,2.6870153629081497E-4,99697600
0.008,15.18787878787879,9572,-1.000113527698341,0.987659127784624,1.066671858007394,2.6908386367541226E-5,false,1.000113527698341,2.7245420701841743E-4,371699500
0.008,15.78939393939394,6731,-0.999977554347011,0.9937776135311978,1.0732798226136937,2.4468463200588708E-5,false,1.0000569104256218,2.5756146971043934E-4,285617600
0.008,16.39090909090909,5369,-0.9999501310442693,0.9925549598516114,1.0719593566397403,2.3559192882105506E-5,false,1.000063152046992,2.5743772585718925E-4,213192800
0.008,16.992424242424242,6171,-1.000109220963228,0.9887266823689894,1.0678248169585087,2.1280783742638754E-5,false,1.000109220963228,2.4107473704413498E-4,275162800
0.008,17.593939393939394,9269,-0.9998184145380674,0.988019731255595,1.0670613097560426,1.917973041687393E-5,false,1.000087209232487,2.249646763643839E-4,362544300
0.008,18.195454545454545,3426,-0.9999283448591846,0.9881476452392608,1.0671994568584018,1.8682213106413492E-5,false,1.0000755786861186,2.2662090625749455E-4,147829100
0.008,18.796969696969697,9846,-1.000021079816643,0.9939627249295536,1.073479742923918,1.701773842222032E-5,false,1.0000662524202422,2.132546089556215E-4,387200500
0.008,19.39848484848485,8352,-0.9998617022549826,0.9863371488693087,1.0652441207788534,1.644302356529348E-5,false,1.0001095368963298,2.1264649566308323E-4,317677700
0.008,20.0,10980,-0.9999924726157763,0.9946134563166331,1.0741825328219639,1.5020103488194714E-5,false,1.000063985851871,2.0026804650926283E-4,414896800
0.004,0.15,2,-1.1167650832569379E-4,0.6736169138280885,0.7275062669343356,1.0001116765083258,false,1.1167650832569379E-4,0.14998324852375114,127200
0.004,0.7515151515151516,17,-0.005199317794976885,0.8038487721219738,0.8681566738917318,1.0036472177237232,false,0.005199317794976885,0.7476202513056561,647000
0.004,1.353030303030303,2417,-0.9968647526018808,0.9931950048803254,1.0726506052707516,0.004762165423234932,false,0.9968703031153252,0.004295569417119994,95455500
0.004,1.9545454545454546,1384,-0.9989932626868402,0.9890213343393528,1.0681430410865012,0.0018054705124971315,false,0.9989932626868402,0.0023525827890114137,57687500
0.004,2.556060606060606,1158,-0.9994561627678235,0.9872541952530911,1.0662345308733385,9.745572046486739E-4,false,0.9994564913439471,0.001660684852770013,53584100
0.004,3.1575757575757577,1180,-0.9995542790357186,0.9868162743644173,1.0657615763135708,6.409191815081039E-4,false,0.999672495549656,0.0013491672467301904,55412300
0.004,3.7590909090909093,1262,-0.9996936091979736,0.986454871490636,1.065371261209887,4.469026276952004E-4,false,0.9998686539267001,0.0011199650700119113,49602100
0.004,4.360606060606061,1899,-0.9998223827025561,0.9946549807035088,1.0742273791597896,3.19757611689675E-4,false,0.9998351132434906,9.295579863059442E-4,73509200
0.004,4.962121212121213,1273,-0.9998702289724902,0.9863726902568192,1.0652825054773647,2.4323037668827485E-4,false,0.9999177525257174,8.046257410647477E-4,52069900
0.004,5.563636363636364,2546,-0.9998914152868853,0.9937741495558179,1.0732760815202833,1.960006703548567E-4,false,0.999932758947885,7.269843045889231E-4,99301400
0.004,6.165151515151516,1680,-0.9997203108110534,0.985899092216268,1.0647710195935696,1.636431939798788E-4,false,0.999989194404471,6.725900568728555E-4,67122000
0.004,6.7666666666666675,1959,-1.0000012957588917,0.9869665879199023,1.0659239149534945,1.320952500118988E-4,false,1.0000766766601261,5.95896350053677E-4,78101200
0.004,7.368181818181819,1934,-0.9997691166305739,0.9856464297516543,1.0644981441317867,1.1433793508608403E-4,false,1.000024086883326,5.616417962864917E-4,88858800
0.004,7.969696969696971,1838,-1.0000221554804278,0.9884254218059068,1.0674994555503794,9.314246439451335E-5,false,1.0000271353595502,4.948781441567073E-4,72877800
0.004,8.571212121212122,4193,-0.9999493768164132,0.9957350492692204,1.075393853210758,8.258187737331113E-5,false,1.0000123965452348,4.718845255563849E-4,159757400
0.004,9.172727272727274,2167,-1.000022439355043,0.9868921846558935,1.065843559428365,7.173443513597277E-5,false,1.0000492433509829,4.38666939710282E-4,91315400
0.004,9.774242424242425,3654,-0.9998318816982555,0.9855691784462045,1.064414712721901,6.428382571810332E-5,false,1.0000939153698136,4.1888379768432777E-4,140096700
0.004,10.375757575757577,1984,-0.999993094849136,0.9856397784227228,1.0644909606965407,5.57447343826345E-5,false,1.0000673877681996,3.855959000528092E-4,79298000
0.004,10.977272727272728,2321,-0.9999392796867262,0.9913833317161196,1.0706939982534092,5.0346607023743495E-5,false,1.0000312224610162,3.684456241283047E-4,94663300
0.004,11.57878787878788,4555,-0.9998518370606554,0.9853311313972238,1.0641576219090019,4.4875360273977094E-5,false,1.0000949022808174,3.464015183977101E-4,177207200
0.004,12.180303030303032,3627,-1.0000641828220276,0.9848676731825476,1.0636570870371516,3.996541504447393E-5,false,1.0000955866051873,3.245272439823494E-4,139432000
0.004,12.781818181818183,2772,-0.9997878073581751,0.9862184492128928,1.0651159251499243,3.80977352260059E-5,false,1.0001503183585017,3.2463888319857155E-4,106548100
0.004,13.383333333333335,2267,-0.99994952703762,0.9884466770833139,1.067522411249979,3.3979285424035055E-5,false,1.000048118957804,3.0317073550555724E-4,89715600
0.004,13.984848484848486,2581,-1.0000523511229378,0.9842899109143349,1.0630331037874818,3.097812710295411E-5,false,1.00013015505764,2.8881627591946106E-4,101978400
0.004,14.586363636363638,2287,-0.9999773164744007,0.9921070092065256,1.0714755699430478,2.7775209272662416E-5,false,1.0000601226759058,2.7009286835143545E-4,98927000
0.004,15.18787878787879,6878,-0.9999610881808476,0.9937528657402709,1.0732530949994927,2.7126489870910042E-5,false,1.0000510729971015,2.74662560066669E-4,275075200
0.004,15.78939393939394,10611,-0.9999538635327209,0.9940173866211134,1.0735387775508025,2.4335194601654564E-5,false,1.0000525384326175,2.561586494382245E-4,401224700
0.004,16.39090909090909,11992,-0.9998472833693951,0.9855411251073071,1.0643844151158917,2.387524764291271E-5,false,1.0001246289109356,2.6089134242528254E-4,482893800
0.004,16.992424242424242,8826,-0.9998648665922508,0.9876938468818156,1.066709354632361,2.125208904513176E-5,false,1.0001096849507038,2.4074967539510373E-4,362666200
0.004,17.593939393939394,9269,-0.9998184145380674,0.988019731255595,1.0670613097560426,1.917973041687393E-5,false,1.000087209232487,2.249646763643839E-4,343955600
0.004,18.195454545454545,8155,-0.9998557692202261,0.9857457286144375,1.0646053869035925,1.877121173499141E-5,false,1.000123342312547,2.2770048659142612E-4,316403500
0.004,18.796969696969697,10179,-0.9999523081742849,0.9927896533446017,1.07221282561217,1.712330412062535E-5,false,1.000066632805249,2.145774857782607E-4,381540300
0.004,19.39848484848485,8352,-0.9998617022549826,0.9863371488693087,1.0652441207788534,1.644302356529348E-5,false,1.0001095368963298,2.1264649566308323E-4,339741200
0.004,20.0,6694,-0.9999646603931782,0.993097408069724,1.072545200715302,1.5180146693327679E-5,false,1.0000666397688638,2.0240195591103571E-4,283297900
0.002,0.15,2,-1.1167650832569379E-4,0.6736169138280885,0.7275062669343356,1.0001116765083258,false,1.1167650832569379E-4,0.14998324852375114,209300
0.002,0.7515151515151516,17,-0.005199317794976885,0.8038487721219738,0.8681566738917318,1.0036472177237232,false,0.005199317794976885,0.7476202513056561,976200
0.002,1.353030303030303,2592,-0.9968715441740109,0.9965333662372898,1.0762560355362731,0.004750631814338435,false,0.9968715441740109,0.004285165868893154,104447100
0.002,1.9545454545454546,1270,-0.9989800336157425,0.9884107467563384,1.0674836064968456,0.0018010028500147213,false,0.9989800336157425,0.0023467612894131217,55783200
0.002,2.556060606060606,1146,-0.9993598564620846,0.9894587535692942,1.0686154538548378,9.756164727849903E-4,false,0.9994784219368709,0.001662489888473009,53757900
0.002,3.1575757575757577,1180,-0.9995542790357186,0.9868162743644173,1.0657615763135708,6.409191815081039E-4,false,0.999672495549656,0.0013491672467301904,47439700
0.002,3.7590909090909093,1262,-0.9996936091979736,0.986454871490636,1.065371261209887,4.469026276952004E-4,false,0.9998686539267001,0.0011199650700119113,47701300
0.002,4.360606060606061,1859,-0.9998152390383794,0.9945927836142325,1.0741602063033713,3.2130076292380405E-4,false,0.9998435242118958,9.340440360552609E-4,72193300
0.002,4.962121212121213,1342,-0.9996869143644195,0.9846521395835403,1.0634243107502235,2.446482860490873E-4,false,0.9999756540108886,8.093162998088495E-4,52961500
0.002,5.563636363636364,2502,-0.9998880343320239,0.9955932364464419,1.0752406953621574,1.9559805219682147E-4,false,0.9999304520587641,7.254909572391198E-4,97241800
0.002,6.165151515151516,1650,-0.99997887970862,0.9870920584418111,1.066059423117156,1.641567318001469E-4,false,1.000016739895261,6.747007491866644E-4,66153400
0.002,6.7666666666666675,1307,-0.999788875116868,0.9865369650188212,1.065459922220327,1.3445418589497216E-4,false,1.000044931825419,6.065377719262078E-4,54211100
0.002,7.368181818181819,1829,-0.9999846290557433,0.9863082774922092,1.065212939691586,1.1450503842047599E-4,false,1.0000956904463425,5.624626281199746E-4,73781200
0.002,7.969696969696971,1729,-0.9999623072964059,0.987445642729984,1.0664412941483827,9.301393106830869E-5,false,1.0000567288144084,4.941952297164684E-4,69432100
0.002,8.571212121212122,1880,-0.9997771149590416,0.9873439643008317,1.0663314814448983,8.117470747226463E-5,false,1.0000652686270677,4.638437577480819E-4,79678900
0.002,9.172727272727274,1848,-1.00000236540557,0.9856270772641529,1.0644772434452852,7.17162602804633E-5,false,1.0000630879130987,4.385557977150756E-4,75384900
0.002,9.774242424242425,1990,-0.9998335082650525,0.9864306326769442,1.0653450832910998,6.360852392695016E-5,false,1.0000599146842117,4.1448342207349036E-4,80893700
0.002,10.375757575757577,1177,-0.9999758579490362,0.991841824272341,1.0711891702141283,5.640723377775547E-5,false,1.0000303131453683,3.901785221313833E-4,48631300
0.002,10.977272727272728,2835,-1.0000492099440565,0.9876631050935467,1.0666761535010305,4.988370945002707E-5,false,1.0001377338666693,3.6505805552065266E-4,109356600
0.002,11.57878787878788,5780,-1.0000128577532332,0.9930501210339354,1.0724941307166502,4.508788321389012E-5,false,1.0000497476352213,3.4804202375812965E-4,236939700
0.002,12.180303030303032,2437,-0.9999579929410742,0.985545740864719,1.0643894001338967,3.975814545553735E-5,false,1.0000757441817623,3.228441730475402E-4,98489900
0.002,12.781818181818183,6328,-0.9999516123546432,0.994448754730999,1.074004655109479,3.842333234260753E-5,false,1.0000500407203592,3.2741336529518904E-4,234004000
0.002,13.383333333333335,4895,-0.9999904855438512,0.9915395106981841,1.070862671554039,3.4543657245089676E-5,false,1.0000528116262954,3.082061863089668E-4,190274900
0.002,13.984848484848486,5689,-0.9998495717971749,0.985002591571623,1.0638027988973529,3.146644721219172E-5,false,1.0001080979055799,2.9336899774598947E-4,230007700
0.002,14.586363636363638,10837,-0.9999500170493918,0.9929943285066769,1.072433874787211,2.8147268587797036E-5,false,1.0000530404153383,2.737108633280021E-4,404474900
0.002,15.18787878787879,9440,-0.9999795039704598,0.9931783912568802,1.0726326625574307,2.7019453824661532E-5,false,1.0000566752795261,2.735787930690982E-4,372883500
0.002,15.78939393939394,3184,-0.9998263777605233,0.9845359069473826,1.0632987795031732,2.419573177503409E-5,false,1.0000950665724235,2.546906270986165E-4,129490100
0.002,16.39090909090909,15176,-0.9998398080532312,0.9858015746702078,1.0646657006438245,2.3923341079479243E-5,false,1.0001309152186408,2.6141687252303683E-4,574081400
0.002,16.992424242424242,7275,-1.0000717681561875,0.9861132984115721,1.065002362284498,2.1164840869891677E-5,false,1.0000890677336833,2.3976130338973248E-4,278326100
0.002,17.593939393939394,6370,-0.9998373059975214,0.9852520650028906,1.064072230203122,1.9197508183355083E-5,false,1.0000813106456357,2.2517319699506992E-4,243205000
0.002,18.195454545454545,6475,-1.0000577515113762,0.9871247078716981,1.066094684501434,1.8406765493472754E-5,false,1.0000704566984817,2.232796432435498E-4,265647800
0.002,18.796969696969697,19510,-0.9999877520248386,0.993801075720685,1.0733051617783398,1.700479548705225E-5,false,1.0000599544667879,2.1309241698219211E-4,885168900
0.002,19.39848484848485,6411,-1.00003765270164,0.9859220501841512,1.0647958141988834,1.6171229692663047E-5,false,1.0000670525116295,2.0913156944966162E-4,265639900
0.002,20.0,10171,-0.9999949982915091,0.9927565825693488,1.0721771091748968,1.5212220332294635E-5,false,1.0000657645014646,2.028296044305951E-4,400826300
0.001,0.15,2,-1.1167650832569379E-4,0.6736169138280885,0.7275062669343356,1.0001116765083258,false,1.1167650832569379E-4,0.14998324852375114,123300
0.001,0.7515151515151516,17,-0.005199317794976885,0.8038487721219738,0.8681566738917318,1.0036472177237232,false,0.005199317794976885,0.7476202513056561,711300
0.001,1.353030303030303,2564,-0.9968606662610251,0.9932713795949575,1.0727330899625542,0.004760928726632252,false,0.9968716562279543,0.0042944538918006075,100159900
0.001,1.9545454545454546,1379,-0.998990501700573,0.9869783254668018,1.0659365915041459,0.001808807064246798,false,0.998990501700573,0.002356930417048858,55795500
0.001,2.556060606060606,1169,-0.9994783455113075,0.9881233422442779,1.0671732096238202,9.723931191459867E-4,false,0.9994783455113075,0.001656997163635636,55469900
0.001,3.1575757575757577,1208,-0.9994869044202102,0.9873505073883345,1.0663385479794014,6.390442248158656E-4,false,0.9996846138198121,0.0013452203681982465,55197800
0.001,3.7590909090909093,1106,-0.9996358858479906,0.9897641148619021,1.0689452440508542,4.386276953766144E-4,false,0.9997945003371079,0.0010992275881104852,46085100
0.001,4.360606060606061,1304,-0.9998134996984724,0.9875726308428388,1.066578441310266,3.144491473550115E-4,false,0.9998895227631494,9.141259051391144E-4,54146500
0.001,4.962121212121213,1242,-0.9997193544482822,0.9856661099179779,1.064519398711416,2.4441828913757124E-4,false,0.9999576586637288,8.085554514399454E-4,64169200
0.001,5.563636363636364,1018,-0.9998375280623724,0.9854734985510525,1.0643113784351368,1.9110270670230634E-4,false,0.9999367553740427,7.088173121321909E-4,48728800
0.001,6.165151515151516,1452,-0.9997351757843056,0.9852978244210454,1.064121650374729,1.636345992217514E-4,false,1.0000283675081996,6.725547315487944E-4,64195300
0.001,6.7666666666666675,1572,-0.9998735805243506,0.9871886667047353,1.0661637600411142,1.3156717682072383E-4,false,0.9999793451955451,5.935141532134876E-4,66122000
0.001,7.368181818181819,1797,-0.9997541798359634,0.9843321946751561,1.0630787702491686,1.1393934333359113E-4,false,1.0000409834283892,5.596838652840946E-4,75763000
0.001,7.969696969696971,1964,-0.9999326648443482,0.988685876505529,1.0677807466259714,9.285839973105503E-5,false,1.0000278492922203,4.933688712983329E-4,93266800
0.001,8.571212121212122,2842,-1.0000301950178072,0.984604161421538,1.0633724943352612,8.183743630296725E-5,false,1.0001016923201453,4.676306840059452E-4,115460200
0.001,9.172727272727274,2165,-0.9999079275155387,0.9895091673065353,1.068669900691058,7.211064124934552E-5,false,1.0000319666282094,4.4096749709448266E-4,95191500
0.001,9.774242424242425,3275,-0.9998403669076347,0.9841994932877397,1.0629354527507588,6.436300572609799E-5,false,1.0000836384124807,4.193997474131901E-4,144197300
0.001,10.375757575757577,3509,-1.000046146865566,0.9856418719600283,1.0644932217168306,5.6202976045582886E-5,false,1.0001304408445015,3.8876563632338554E-4,139979700
0.001,10.977272727272728,2398,-0.9999809160719237,0.9918645541517116,1.0712137184838486,5.030350214796364E-5,false,1.0000391630408818,3.681301748100976E-4,106783200
0.001,11.57878787878788,5717,-1.0000176155508769,0.9927982823578612,1.0722221449464902,4.5162598471093496E-5,false,1.000055297609029,3.486187651677743E-4,219674100
0.001,12.180303030303032,2119,-1.0000104022795564,0.9876816784330158,1.0666962127076571,3.9579058158656366E-5,false,1.0000948812516317,3.213899480176147E-4,84428600
0.001,12.781818181818183,8045,-1.0000037038488316,0.9937207479538088,1.0732184077901137,3.8353995299056365E-5,false,1.000054792804075,3.2682252963923183E-4,300665600
0.001,13.383333333333335,5948,-1.0001143289253807,0.982731245936739,1.0613497456116783,3.451657586106549E-5,false,1.0001143289253807,3.079645601826177E-4,240281500
0.001,13.984848484848486,5233,-1.0000902478720597,0.9857007374461869,1.0645567964418818,3.123089500245424E-5,false,1.0000941312920162,2.911728897703562E-4,202730800
0.001,14.586363636363638,3408,-0.9998326385542958,0.985384291731684,1.0642150350702186,2.7903090356606874E-5,false,1.0000903615495689,2.7133641501318626E-4,135875200
0.001,15.18787878787879,3005,-0.9998809741427737,0.9890244915588677,1.0681464508835772,2.6527614254034937E-5,false,1.000086070884936,2.6859879321459215E-4,125385700
0.001,15.78939393939394,6953,-0.9999783389100326,0.9945053337051183,1.0740657604015278,2.4389162261884145E-5,false,1.0000513486984115,2.5672672720312593E-4,278313600
0.001,16.39090909090909,2452,-0.9999829885461741,0.9896281389794932,1.0687983900978528,2.3133355375293263E-5,false,1.0000786115665659,2.5278448328275E-4,112112100
0.001,16.992424242424242,2789,-0.9999111575102048,0.989964475080484,1.069161633086923,2.091351581223755E-5,false,1.0000731030393304,2.3691422205479202E-4,142694500
0.001,17.593939393939394,11162,-0.999950259250439,0.9933582869745458,1.0728269499325094,1.9416234733116156E-5,false,1.0000650485274745,2.2773870476863113E-4,426359300
0.001,18.195454545454545,16058,-0.9999806106505804,0.9944028165157949,1.0739550418370585,1.889829961831957E-5,false,1.0000707535985849,2.292421011276765E-4,629194500
0.001,18.796969696969697,15696,-0.9999632424341782,0.9944669091291872,1.0740242618595224,1.7115598031747226E-5,false,1.0000636733468995,2.1448091836551118E-4,585850700
0.001,19.39848484848485,4892,-0.9999385847649852,0.9869521205907876,1.0659082902380508,1.6496276145971933E-5,false,1.000117793404531,2.1333517524937238E-4,189462500
0.001,20.0,5642,-0.9999862637846246,0.9876636558884436,1.0666767483595192,1.4842162236461398E-5,false,1.0000949268608577,1.9789549648615196E-4,235946100
5.0E-4,0.15,2,-1.1167650832569379E-4,0.6736169138280885,0.7275062669343356,1.0001116765083258,false,1.1167650832569379E-4,0.14998324852375114,129200
5.0E-4,0.7515151515151516,17,-0.005199317794976885,0.8038487721219738,0.8681566738917318,1.0036472177237232,false,0.005199317794976885,0.7476202513056561,709100
5.0E-4,1.353030303030303,2447,-0.9968853350557219,0.9930148122430396,1.0724559972224827,0.004713669726341685,false,0.9968853350557219,0.004251825318811237,110997900
5.0E-4,1.9545454545454546,1370,-0.9989251320750546,0.9913556087649558,1.0706640574661523,0.0018107379327310102,false,0.9989251320750546,0.002359446397194953,53126100
5.0E-4,2.556060606060606,1221,-0.9995098481688257,0.9889531205477151,1.0680693701915325,9.757636020230054E-4,false,0.9995098481688257,0.0016627406026392022,70315500
5.0E-4,3.1575757575757577,1383,-0.9995063706580529,0.98552480477491,1.0643667891569029,6.535264513689576E-4,false,0.9997379785676633,0.0013757061865180885,55135700
5.0E-4,3.7590909090909093,1193,-0.9996441182182263,0.9881335448371202,1.06718422842409,4.402402619153589E-4,false,0.999798018438675,0.0011032687775878844,57108300
5.0E-4,4.360606060606061,1280,-0.9996467296183636,0.9859466223733205,1.0648223521631863,3.147691832097177E-4,false,0.9999019713091725,9.150562719975431E-4,54773000
5.0E-4,4.962121212121213,1277,-0.9998411628382375,0.9869769252225156,1.0659350792403168,2.4399998665147749E-4,false,0.9999175298820516,8.071716730137261E-4,60540800
5.0E-4,5.563636363636364,1331,-0.9998208019890248,0.9878371035899379,1.066864071877133,1.9197321905939368E-4,false,0.9999470547487398,7.120461216021148E-4,72458800
5.0E-4,6.165151515151516,1689,-0.9999867351226559,0.9857177927107438,1.0645752161276034,1.6400756642143133E-4,false,1.0000063506277928,6.740876644129335E-4,82205800
5.0E-4,6.7666666666666675,1627,-0.9999501218306692,0.9906448133224003,1.0698963983881924,1.3164245384267304E-4,false,1.0000023358260546,5.938537362236141E-4,72181600
5.0E-4,7.368181818181819,1635,-0.9999893941517568,0.987797061863602,1.0668208268126902,1.1368841719616718E-4,false,0.9999900425168604,5.584512856817789E-4,77286600
5.0E-4,7.969696969696971,1784,-0.9998149107780947,0.9859874919439652,1.0648664912994825,9.27416815589277E-5,false,1.000023377491637,4.927487323231918E-4,74261800
5.0E-4,8.571212121212122,2375,-0.9997730239148316,0.9863404789588021,1.0652477172755064,8.155571521406557E-5,false,1.00007181810576,4.6602088986461514E-4,97358400
5.0E-4,9.172727272727274,2989,-0.9998931191555593,0.9899206913233161,1.0691143466291815,7.30240586261921E-5,false,1.0000389674529053,4.4655318275047174E-4,125838500
5.0E-4,9.774242424242425,3002,-0.9998115388928861,0.9867091872345947,1.0656459222133623,6.324381864197814E-5,false,1.0000440936315949,4.121069434943445E-4,162067300
5.0E-4,10.375757575757577,2926,-0.9997844692497472,0.9848217185490685,1.063607456032994,5.6117273754763275E-5,false,1.000067035242231,3.8817281886123126E-4,121539900
5.0E-4,10.977272727272728,2419,-0.9999640649453819,0.988622997146703,1.0677128369184392,4.972369390066067E-5,false,1.0000886239567852,3.638870326366531E-4,101249500
5.0E-4,11.57878787878788,6551,-1.000002463496612,0.9944324184425845,1.0739870119179913,4.537954284067336E-5,false,1.0000417846467953,3.502934003923494E-4,277027900
5.0E-4,12.180303030303032,3163,-1.0000266656878292,0.9852435931157352,1.064063080564994,3.980352223831307E-5,false,1.0000940212791705,3.2321264169070586E-4,129841900
5.0E-4,12.781818181818183,2925,-0.999816828855736,0.985508851885422,1.0643495600362558,3.796322704741062E-5,false,1.000120998436949,3.2349271047672323E-4,119211000
5.0E-4,13.383333333333335,2411,-0.9998935189430604,0.9875072884305562,1.0665078715050007,3.4235173290153575E-5,false,1.0000828438092126,3.0545382391103696E-4,103850700
5.0E-4,13.984848484848486,3753,-1.000062628203957,0.986933389679705,1.0658880608540815,3.084963745580982E-5,false,1.0001507793781572,2.876183370880047E-4,147208800
5.0E-4,14.586363636363638,7017,-0.9999855655360146,0.99352831770334,1.0730105831196073,2.8407965437349247E-5,false,1.0000541876401559,2.762459426922841E-4,288662500
5.0E-4,15.18787878787879,5254,-1.000062783687182,0.9853800093576266,1.0642104101062368,2.6602271468778582E-5,false,1.0001108801209961,2.6935471636670356E-4,209313700
5.0E-4,15.78939393939394,8088,-0.9999504454718859,0.9928644954640926,1.07229365510122,2.4491186376596197E-5,false,1.000059226387447,2.5780065982879694E-4,306013600
5.0E-4,16.39090909090909,5560,-0.9997985669463032,0.9868558307339921,1.0658042971927115,2.3172389129633153E-5,false,1.0000916464927567,2.5321101576199136E-4,211131000
5.0E-4,16.992424242424242,3490,-0.9999852534246695,0.9890628923956145,1.0681879237872638,2.0939869205593986E-5,false,1.000074118367083,2.3721276074821875E-4,152342000
5.0E-4,17.593939393939394,10317,-0.9999742978386966,0.9930583725070938,1.0725030423076614,1.9347401040925583E-5,false,1.0000603258692893,2.2693133422952309E-4,409284300
5.0E-4,18.195454545454545,6536,-0.9999795553425329,0.9941533432336082,1.073685610692297,1.8582658256383056E-5,false,1.0000643634399313,2.25413275758489E-4,252345300
5.0E-4,18.796969696969697,12950,-0.9999757650773373,0.994096073654809,1.0736237595471938,1.711230099443739E-5,false,1.000071795268618,2.14439602158576E-4,530595300
5.0E-4,19.39848484848485,6194,-1.000089791385332,0.984055803236054,1.0627802674949385,1.6270570337484358E-5,false,1.0000921715986797,2.1041627477859823E-4,236331000
5.0E-4,20.0,13773,-0.9999650517207318,0.994036338929999,1.073559246044399,1.517216614488337E-5,false,1.0000628359817494,2.0229554859844495E-4,534335500
2.5E-4,0.15,2,-1.1167650832569379E-4,0.6736169138280885,0.7275062669343356,1.0001116765083258,false,1.1167650832569379E-4,0.14998324852375114,126600
2.5E-4,0.7515151515151516,6,-0.005252955639726423,0.8096231197138717,0.8743929692909814,1.0036900121426686,false,0.005252955639726423,0.7475674757616603,296900
2.5E-4,1.353030303030303,2645,-0.996845278134661,0.9963711486960714,1.0760808405917572,0.004765045539841584,false,0.9968716736881335,0.004298167340483368,104152700
2.5E-4,1.9545454545454546,1459,-0.9988918040929152,0.9897942904817839,1.0689778337203266,0.001809192913604929,false,0.9989083380489568,0.0023574331904549074,57320100
2.5E-4,2.556060606060606,1180,-0.9994296727758815,0.9924911174450006,1.0718904068406008,9.727673841575246E-4,false,0.9994296727758815,0.0016576349263371151,54717600
2.5E-4,3.1575757575757577,1104,-0.999583797031064,0.9930123474416364,1.0724533352369674,6.359244429740007E-4,false,0.999653847974267,0.0013386530698563815,46019800
2.5E-4,3.7590909090909093,1295,-0.9997393194443123,0.9905885091397736,1.0698355898709555,4.372635584859452E-4,false,0.999790364467896,0.0010958089783875051,56205800
2.5E-4,4.360606060606061,1185,-0.9998459720501288,0.9862124498241532,1.0651094458100856,3.1530957656422665E-4,false,0.9998891603118076,9.166272336887318E-4,54448100
2.5E-4,4.962121212121213,1429,-0.9998072398296154,0.9885263492655596,1.0676084572068045,2.427467479195755E-4,false,0.9999166050058175,8.030258580167776E-4,61598600
2.5E-4,5.563636363636364,1176,-0.9998051894886468,0.9862242461299788,1.0651221858203772,1.933034785930321E-4,false,0.9999559504420962,7.169801751450647E-4,49317400
2.5E-4,6.165151515151516,1554,-0.9997677987165645,0.9887476229345671,1.0678474327693326,1.618603914484984E-4,false,0.9999704085844779,6.652625583878183E-4,66654200
2.5E-4,6.7666666666666675,1647,-0.9999214422793186,0.9873843247450431,1.0663750707246467,1.3086313400390015E-4,false,0.9999985458327892,5.903381378398163E-4,71022400
2.5E-4,7.368181818181819,1546,-0.9998358503072534,0.9889715293040259,1.068089251648348,1.138486625050783E-4,false,1.0000121318384674,5.592384300628241E-4,68453400
2.5E-4,7.969696969696971,1225,-1.0000010653668379,0.9879772973725708,1.0670154811623764,9.289330012263175E-5,false,1.000015915984237,4.935543016616597E-4,53464600
2.5E-4,8.571212121212122,2325,-0.9998315853557391,0.9855273941596443,1.064369585692416,8.27711830555522E-5,false,1.0000755571287767,4.72966244995211E-4,95601000
2.5E-4,9.172727272727274,4722,-0.9999246196964287,0.9934115988106995,1.0728845267155556,7.321460926523748E-5,false,1.0000231849035146,4.4771842877954323E-4,186851900
2.5E-4,9.774242424242425,2658,-0.9998347695495897,0.9847874194149799,1.0635704129681784,6.426095712830371E-5,false,1.0000889634205223,4.1873478225725987E-4,123846000
2.5E-4,10.375757575757577,2114,-1.0001076192298097,0.9859616941119766,1.064838629640935,5.6463071677170795E-5,false,1.0001076192298097,3.905647624699653E-4,105425400
2.5E-4,10.977272727272728,5828,-0.9999980893782746,0.9945170314409406,1.074078393956216,5.059109229221814E-5,false,1.000040440324586,3.702348117748692E-4,222915900
2.5E-4,11.57878787878788,5004,-1.0000748360937994,0.9862397651028484,1.0651389463110763,4.570693152350369E-5,false,1.0000778513578545,3.5282057646728813E-4,242127700
2.5E-4,12.180303030303032,2873,-0.9998190433055213,0.9867739347862471,1.065715849569147,3.965127063587648E-5,false,1.0000869067716895,3.2197632792102125E-4,132375200
2.5E-4,12.781818181818183,6997,-1.000013144703171,0.9919190971265905,1.071272624896718,3.850451672948729E-5,false,1.0000524764873289,3.2810515467672204E-4,301565100
2.5E-4,13.383333333333335,2949,-0.9999173391247235,0.9885623183148793,1.0676473037800698,3.3814921475583404E-5,false,1.0000601638952975,3.0170424383214975E-4,156305500
2.5E-4,13.984848484848486,6433,-0.9998611872501265,0.9866683796580034,1.0656018500306437,3.095644553452459E-5,false,1.000098825584483,2.8861413361986064E-4,252212900
2.5E-4,14.586363636363638,4751,-1.0001211578434552,0.9856723815828551,1.0645261721094836,2.8070521115530767E-5,false,1.0001211578434552,2.729645523022371E-4,193809300
2.5E-4,15.18787878787879,11865,-1.0000184358555968,0.993476567437492,1.0729546928324913,2.7054011576321813E-5,false,1.0000644117111641,2.739286990313635E-4,459103200
2.5E-4,15.78939393939394,5086,-0.9999651170188402,0.9918015834434477,1.0711457101189237,2.4414924853610742E-5,false,1.0000583361519368,2.569979110095733E-4,200360300
2.5E-4,16.39090909090909,4797,-1.0000161550194873,0.9894886302928978,1.0686477207163296,2.3219032363575032E-5,false,1.0000449743264188,2.537206991001562E-4,188528400
2.5E-4,16.992424242424242,7935,-1.0000748890831637,0.9849404252822215,1.0637356593047993,2.1065186113333745E-5,false,1.0000903740272173,2.3863238612226054E-4,322806200
2.5E-4,17.593939393939394,8483,-1.000014266161633,0.9944431477056103,1.0739985995220591,1.950119674909434E-5,false,1.000056558174722,2.2873524914190251E-4,326929700
2.5E-4,18.195454545454545,5263,-1.0001262906933435,0.9857491345981143,1.0646090653659634,1.8803086715313277E-5,false,1.0001262906933435,2.280871397618153E-4,204898700
2.5E-4,18.796969696969697,6120,-0.9999070701784453,0.9911064697253997,1.0703949873034317,1.711415994598564E-5,false,1.0000829087429635,2.144628972625231E-4,248438300
2.5E-4,19.39848484848485,6240,-0.9998967309105247,0.9910419948211672,1.0703253544068607,1.6528451450503745E-5,false,1.000083747733777,2.137512766876762E-4,246883000
2.5E-4,20.0,7583,-0.9998684411073399,0.988589271386566,1.0676764130974914,1.5097604499803019E-5,false,1.0001110660834944,2.013013933307069E-4,293927000
1.25E-4,0.15,2,-1.1167650832569379E-4,0.6736169138280885,0.7275062669343356,1.0001116765083258,false,1.1167650832569379E-4,0.14998324852375114,157200
1.25E-4,0.7515151515151516,6,-0.005252955639726423,0.8096231197138717,0.8743929692909814,1.0036900121426686,false,0.005252955639726423,0.7475674757616603,314900
1.25E-4,1.353030303030303,2434,-0.9968750043984791,0.9925093770665597,1.0719101272318845,0.004742880236245028,false,0.9968752921939443,0.004278173788855364,97338200
1.25E-4,1.9545454545454546,1611,-0.9989086293871764,0.9873928806874309,1.0663843111424254,0.0018154123503664188,false,0.9989086293871764,0.0023655373050229093,69256700
1.25E-4,2.556060606060606,1331,-0.9993180345767473,0.9858872179988649,1.0647581954387741,9.731317721541899E-4,false,0.9995185612801756,0.0016582558582061801,57915400
1.25E-4,3.1575757575757577,1437,-0.9994905304916799,0.9867369447775658,1.0656759003597711,6.319377501105006E-4,false,0.999680847487781,0.0013302608800305892,63237400
1.25E-4,3.7590909090909093,1514,-0.9997999382345935,0.9877244257646541,1.0667423798258264,4.428668109074385E-4,false,0.9998431268143824,0.0011098510685468234,67755800
1.25E-4,4.360606060606061,1224,-0.9998834637267724,0.9896535296154522,1.0688258119846885,3.1728755865134683E-4,false,0.9998834637267724,9.223773674733094E-4,50022000
1.25E-4,4.962121212121213,1487,-0.9997049924449266,0.9865176598876778,1.0654390726786922,2.4585579799996093E-4,false,0.9999187453310772,8.133108469190628E-4,72901300
1.25E-4,5.563636363636364,1603,-0.9997116002739689,0.9867962557453844,1.0657399562050152,1.9357295362931737E-4,false,1.0000146164912234,7.179796825523772E-4,76934200
1.25E-4,6.165151515151516,1828,-0.9997153082604417,0.9846682681260688,1.0634417295761545,1.6428523454647959E-4,false,0.9999937421142062,6.752289084541672E-4,78140600
1.25E-4,6.7666666666666675,1699,-0.9999484794053556,0.985331833104987,1.064158379753386,1.3183180146059126E-4,false,1.0000457881904958,5.947079043666674E-4,78701600
1.25E-4,7.368181818181819,1874,-0.9999396238549332,0.9905349122683271,1.0697777052497934,1.1320931705927073E-4,false,1.0000022775001691,5.560978877365996E-4,82622500
1.25E-4,7.969696969696971,1495,-0.9999209806624146,0.9903650242592332,1.069594226199972,9.233550037901495E-5,false,1.000013436958382,4.905906383773926E-4,72058500
1.25E-4,8.571212121212122,2903,-0.9998298435605332,0.9847248793630679,1.0635028697121134,8.18207624672107E-5,false,1.0000733711829408,4.6753540735051615E-4,121893400
1.25E-4,9.172727272727274,4163,-0.9999201248537116,0.9957740763715841,1.075436002481311,7.243523760258608E-5,false,1.000023306149066,4.429524529758143E-4,172005600
1.25E-4,9.774242424242425,2475,-1.00004838301405,0.9858689697963638,1.064738487380073,6.381685563006112E-5,false,1.0000551333908902,4.158409451207317E-4,105435000
1.25E-4,10.375757575757577,3006,-0.9999480278252683,0.9966185493893471,1.076348033340495,5.621287244084172E-5,false,1.000018597055722,3.888340913887719E-4,123645800
1.25E-4,10.977272727272728,5924,-0.9999986664977326,0.9927924203567545,1.0722158139852949,5.0295351973650426E-5,false,1.0000342986310855,3.6807053035262365E-4,232320700
1.25E-4,11.57878787878788,4451,-1.0000029247154913,0.9943089884519927,1.0738537075281522,4.5379136333068004E-5,false,1.0000444037701894,3.5029026248212697E-4,186649300
1.25E-4,12.180303030303032,2292,-0.9999209514444337,0.9833083551062561,1.0619730235147566,3.909399526780266E-5,false,1.000032983952809,3.174511393513794E-4,100276400
1.25E-4,12.781818181818183,3916,-1.0000884133734482,0.9861657836540302,1.0650590463463527,3.8401120036613E-5,false,1.000110029329346,3.272240895241084E-4,180829600
1.25E-4,13.383333333333335,2908,-0.9999589796755104,0.9885606015872831,1.0676454497142658,3.381897720899918E-5,false,1.0000544869740366,3.017404299869594E-4,126742000
1.25E-4,13.984848484848486,3455,-1.0000379223395948,0.9885548179801369,1.067639203418548,3.068543134576718E-5,false,1.0000538967566979,2.8608740537518294E-4,145396400
1.25E-4,14.586363636363638,4823,-0.9998650413409503,0.9849569163171628,1.063753469622536,2.807721894149129E-5,false,1.0001038722669837,2.730296835855926E-4,194989600
1.25E-4,15.18787878787879,7539,-1.0000629563308812,0.9890007103098385,1.0681207671346256,2.7159867746373578E-5,false,1.0000787130485538,2.7500051948449374E-4,306027500
1.25E-4,15.78939393939394,4013,-0.999850882245355,0.9889599554121308,1.0680767518451013,2.3979304933918755E-5,false,1.00009508915791,2.52412461329664E-4,169129400
1.25E-4,16.39090909090909,4603,-0.9999692182551457,0.9909856497540959,1.0702645017344237,2.33491549449516E-5,false,1.000035219140698,2.5514258403483474E-4,186277700
1.25E-4,16.992424242424242,12924,-0.9999504369584962,0.9934156939555183,1.0728889494719598,2.143770535012468E-5,false,1.0000658615844633,2.4285238939560433E-4,536244500
1.25E-4,17.593939393939394,13019,-1.0000207123033227,0.9944171371687738,1.0739705081422757,1.9449398342530344E-5,false,1.0000696491051557,2.2812769045804277E-4,518916000
1.25E-4,18.195454545454545,4416,-0.9999583544058542,0.9879855054097281,1.0670243458425064,1.8470834237227507E-5,false,1.0000835684572094,2.240568165200658E-4,182601700
1.25E-4,18.796969696969697,13849,-0.9999374561094538,0.9921506145846574,1.0715226637514301,1.7137303776615376E-5,false,1.0000746083804917,2.1475291985120236E-4,613400600
1.25E-4,19.39848484848485,8777,-1.0000782963499697,0.9856131366909127,1.0644621876261857,1.634819591822545E-5,false,1.0000942422268806,2.114201538798388E-4,345770700
1.25E-4,20.0,8274,-1.0000295188448918,0.993336317788486,1.072803223211565,1.5193570660376743E-5,false,1.0000736203421148,2.025809421383566E-4,354037000
6.25E-5,0.15,2,-1.1167650832569379E-4,0.6736169138280885,0.7275062669343356,1.0001116765083258,false,1.1167650832569379E-4,0.14998324852375114,250500
6.25E-5,0.7515151515151516,11,-0.005194113144148115,0.8049239813884987,0.8693178998995787,1.0036486624002525,false,0.005209482849219019,0.7476147834419874,551600
6.25E-5,1.353030303030303,2505,-0.9968524339390784,0.9942204809264606,1.0737581194005776,0.004761205028115056,false,0.9968804649404626,0.004294703121319945,108296600
6.25E-5,1.9545454545454546,1626,-0.9989193946634051,0.9912918037537236,1.0705951480540217,0.0018193898561860156,false,0.9989193946634051,0.0023707201156363236,85213200
6.25E-5,2.556060606060606,1333,-0.999461843604817,0.9877049269619794,1.066721321118938,9.57418240940866E-4,false,0.9994706135250838,0.0016314793661285265,63180400
6.25E-5,3.1575757575757577,1460,-0.9995173787888183,0.9909856518947059,1.0702645040462824,6.313841809839627E-4,false,0.9996782374334828,0.0013290955890611902,68874700
6.25E-5,3.7590909090909093,1385,-0.9997737605716379,0.986304688726896,1.0652090638250478,4.3880294154219346E-4,false,0.9998239236461124,0.001099666765622406,66888400
6.25E-5,4.360606060606061,1447,-0.9997259391788712,0.9878665462706787,1.066895869972333,3.122267342138274E-4,false,0.9998692975415173,9.076651929973692E-4,68512400
6.25E-5,4.962121212121213,1525,-0.9997032993363455,0.9866725783269672,1.0656063845931247,2.4455461606953666E-4,false,0.99995901584724,8.090064319472047E-4,75095600
6.25E-5,5.563636363636364,1303,-0.9998249688530279,0.9859426596120946,1.0648180723810623,1.974372076449793E-4,false,0.9999604623265069,7.32312551992287E-4,69025600
6.25E-5,6.165151515151516,1542,-0.9997416147783665,0.9849864040014534,1.0637853163215698,1.6267740833408872E-4,false,0.9999714511883041,6.686205803145527E-4,76835700
6.25E-5,6.7666666666666675,1846,-0.9998845469442144,0.9846059816907043,1.0633744602259607,1.3270811419430206E-4,false,1.0000080242027063,5.986610484765183E-4,100425900
6.25E-5,7.368181818181819,2483,-0.9997543124710152,0.9854474972646335,1.0642832970458043,1.1415217418564438E-4,false,1.0000212893852598,5.607293162270592E-4,108226900
6.25E-5,7.969696969696971,1737,-0.9998243136505592,0.9897700241827121,1.068951626117329,9.339305235467332E-5,false,1.000054760849662,4.96209550894527E-4,79401700
6.25E-5,8.571212121212122,1568,-0.9998848414901224,0.991285138590153,1.0705879496773654,8.161647809612482E-5,false,1.0000084880654123,4.663680975654325E-4,81668700
6.25E-5,9.172727272727274,1924,-0.9997866679901033,0.9849444109136883,1.0637399637867835,7.13976082107326E-5,false,1.0000498331029202,4.3660719202805577E-4,88078900
6.25E-5,9.774242424242425,8577,-1.00007720092818,0.9874960755669686,1.066495761612326,6.375633370447886E-5,false,1.00007720092818,4.154465744723164E-4,353388700
6.25E-5,10.375757575757577,2911,-1.0000506561533709,0.9845877380907654,1.0633547571380266,5.5978490259844804E-5,false,1.000062446092841,3.87212829595371E-4,140783100
6.25E-5,10.977272727272728,5721,-0.99996583620777,0.9952883363890337,1.0749114033001566,5.088079782999966E-5,false,1.000041953305175,3.723549295740884E-4,250683100
6.25E-5,11.57878787878788,4210,-1.0000941942288553,0.9878276432445081,1.066853854704069,4.522087450664625E-5,false,1.0000941942288553,3.490686090704956E-4,213389400
6.25E-5,12.180303030303032,2455,-0.9999389115330555,0.987573684215388,1.0665795789526191,3.9434546415084704E-5,false,1.0000714391702743,3.2021648346552116E-4,116815500
6.25E-5,12.781818181818183,7062,-1.0000124179297172,0.9946212889752669,1.0741909920932884,3.8467251895712984E-5,false,1.0000517842242196,3.277876131234695E-4,284411000
6.25E-5,13.383333333333335,3693,-1.0000425333345606,0.9878632314920243,1.0668922900113862,3.4139228528795584E-5,false,1.0001328075494744,3.0459778342914283E-4,158252800
6.25E-5,13.984848484848486,8836,-0.9998556612809371,0.985467269600189,1.0643046511682042,3.131241496379111E-5,false,1.0001066221721948,2.919329193088808E-4,346989900
6.25E-5,14.586363636363638,5552,-1.0000816728578898,0.9862766862017274,1.0651788210978657,2.7868545020792723E-5,false,1.0000816728578898,2.710004877931026E-4,229823100
6.25E-5,15.18787878787879,7114,-0.9999728560248474,0.9930575927023204,1.072502200118506,2.7055791760988157E-5,false,1.0000558203272256,2.7394672385065185E-4,287048300
6.25E-5,15.78939393939394,12675,-1.0000000123068757,0.9938822168866731,1.073392794237607,2.4419707365552767E-5,false,1.0000542253855178,2.570482529862883E-4,483120500
6.25E-5,16.39090909090909,7835,-1.0001178697198034,0.9871284174950221,1.066098690894624,2.348185019063198E-5,false,1.0001178697198034,2.565925811739967E-4,313624400
6.25E-5,16.992424242424242,13490,-0.9999526441542034,0.9952163347246622,1.0748336415026352,2.1389314537878512E-5,false,1.0000609903798856,2.423042045881894E-4,575691100
6.25E-5,17.593939393939394,15663,-1.0000222333686013,0.9933058953370214,1.0727703669639832,1.941367664470839E-5,false,1.0000686229633342,2.2770870020035738E-4,633002700
6.25E-5,18.195454545454545,11767,-1.0000220095706718,0.994203139205631,1.0737393903420815,1.8808150215599007E-5,false,1.0000628743803543,2.2814856155467522E-4,479195100
6.25E-5,18.796969696969697,15360,-0.9999530431319734,0.9941968178155686,1.0737325632408141,1.7280922986584457E-5,false,1.000071224154777,2.1655265714299674E-4,610998800
6.25E-5,19.39848484848485,21427,-0.9999542081565768,0.9951624708572003,1.0747754685257764,1.6605938925273733E-5,false,1.0000657890262916,2.1475336975785818E-4,807629000
6.25E-5,20.0,12099,-0.9999078715948153,0.9900822553729917,1.069288835802831,1.5139263377150769E-5,false,1.0000824764687337,2.018568450286769E-4,496399600
3.125E-5,0.15,2,-1.1167650832569379E-4,0.6736169138280885,0.7275062669343356,1.0001116765083258,false,1.1167650832569379E-4,0.14998324852375114,181900
3.125E-5,0.7515151515151516,19,-0.005179142938920922,0.8042193734351774,0.8685569233099916,1.0036776037365889,false,0.005198007759230978,0.7476314716156521,1230500
3.125E-5,1.353030303030303,2502,-0.996878227835679,0.9916882660569368,1.0710233273414917,0.004745108693377076,false,0.9968806860830571,0.004280183902207807,123135200
3.125E-5,1.9545454545454546,1660,-0.9988238052297387,0.9899958774235451,1.0691955476174289,0.0017807407356775773,false,0.998969870606646,0.0023203591404283583,77484200
3.125E-5,2.556060606060606,1319,-0.9993545736958658,0.9864102620262646,1.0653230829883658,9.70990419877249E-4,false,0.9994797935444766,0.001654606907406989,64837800
3.125E-5,3.1575757575757577,1129,-0.9996299403213442,0.988464654305542,1.0675418266499854,6.361436188232483E-4,false,0.9996797239803585,0.0013391144460885348,58307400
3.125E-5,3.7590909090909093,1362,-0.9996395441593275,0.9874526687355784,1.0664488822344247,4.393336250526625E-4,false,0.9997974497718773,0.0011009966906622784,69183800
3.125E-5,4.360606060606061,1419,-0.9998192101797447,0.9877653811569722,1.0667866116495301,3.145297482942677E-4,false,0.9998772512644755,9.143602177685886E-4,75364000
3.125E-5,4.962121212121213,1445,-0.999734951464723,0.9881958097181754,1.0672514744956296,2.4459024888279224E-4,false,0.9999463393231828,8.091243081728733E-4,78239000
3.125E-5,5.563636363636364,1629,-0.9999573077502931,0.9861010887770771,1.0649891758792434,1.9304614773862916E-4,false,0.9999958405456654,7.160257116123701E-4,80788400
3.125E-5,6.165151515151516,1717,-0.9999788558861,0.9845050415641436,1.063265444889275,1.6323101362269998E-4,false,0.9999817223247779,6.70895953970471E-4,88533900
3.125E-5,6.7666666666666675,1753,-0.9997906841551749,0.9850486386327997,1.0638525297234238,1.3180785990085653E-4,false,1.0000197293882398,5.945999013305306E-4,88311300
3.125E-5,7.368181818181819,2100,-0.9997616664671654,0.9878529771466273,1.0668812153183576,1.1356729087175221E-4,false,1.000022139371826,5.578562984942738E-4,99404600
3.125E-5,7.969696969696971,3341,-0.9999383484223373,0.9950700257671565,1.0746756278285292,9.427678740348E-5,false,0.9999985444594656,5.009049512548534E-4,147764400
3.125E-5,8.571212121212122,1782,-0.9998026579086119,0.9869334629365234,1.0658881399714453,8.098506405629369E-5,false,1.0000153918816073,4.627601084509631E-4,92031100
3.125E-5,9.172727272727274,2183,-0.9997876240057719,0.9841849808631612,1.0629197793322143,7.141788942410798E-5,false,1.000066181827592,4.367312147207574E-4,102581000
3.125E-5,9.774242424242425,2368,-1.0000364408576388,0.9858740371617402,1.0647439601346795,6.32284670468719E-5,false,1.0000659596877173,4.120069100195664E-4,114560700
3.125E-5,10.375757575757577,2459,-0.9997860716749798,0.9863416851999396,1.0652490200159348,5.5829826300035634E-5,false,1.0000849444800302,3.8618449545721624E-4,125890200
3.125E-5,10.977272727272728,3437,-0.9999882349475481,0.9912967525503809,1.0706004927544115,5.0111678831177286E-5,false,1.0000207230901974,3.667263769008884E-4,161643500
3.125E-5,11.57878787878788,4579,-1.0000753951612218,0.9865663339025711,1.0654916406147767,4.5190049499765905E-5,false,1.0000753951612218,3.4883066492647586E-4,201034100
3.125E-5,12.180303030303032,2377,-0.9999202410201246,0.9875951119552238,1.0666027209116418,3.9168965835223446E-5,false,1.000033789545005,3.1805991550440534E-4,118746600
3.125E-5,12.781818181818183,7720,-0.9999709796581211,0.9935992771553124,1.0730872193277374,3.842258003272647E-5,false,1.0000466865421733,3.274069547031116E-4,333852400
3.125E-5,13.383333333333335,3464,-1.0000645730319693,0.9859440566788202,1.064819581213126,3.4384197772796554E-5,false,1.0000936148956563,3.0678345346172925E-4,160196500
3.125E-5,13.984848484848486,6248,-0.9998514866506627,0.986902482969361,1.0658546816069099,3.1112718301584685E-5,false,1.0001098795885979,2.9007110093295626E-4,270688600
3.125E-5,14.586363636363638,4773,-1.0000717445026601,0.9861752826233904,1.0650693052332616,2.78758589129513E-5,false,1.0000781203822753,2.7107160985351736E-4,224029800
3.125E-5,15.18787878787879,7614,-0.9999812929549757,0.9934847933548617,1.0729635768232508,2.7070531129269604E-5,false,1.0000616995699514,2.740959636765642E-4,315070400
3.125E-5,15.78939393939394,6401,-1.000069549997326,0.9842300592481298,1.0629684639879802,2.4114196965574486E-5,false,1.0001615655174565,2.538323702810624E-4,278485900
3.125E-5,16.39090909090909,6805,-1.0000684676989304,0.9864290649562804,1.065343390152783,2.3387895054405305E-5,false,1.0000802843614958,2.555659077763198E-4,298691900
3.125E-5,16.992424242424242,13812,-0.9999718994708101,0.9922142625146579,1.0715914035158307,2.1248612771196385E-5,false,1.0000609791751274,2.4071029518077519E-4,553762600
3.125E-5,17.593939393939394,11524,-1.000020858304685,0.9940802377933514,1.0736066568168197,1.9456217881130833E-5,false,1.0000637420691927,2.2820767882393054E-4,469287100
3.125E-5,18.195454545454545,17779,-0.9999490646651424,0.9937290801621289,1.0732274065750993,1.876529640709723E-5,false,1.0000683764862315,2.2762873187154612E-4,704045400
3.125E-5,18.796969696969697,4867,-0.9998514255315718,0.9848164044164537,1.06360171676977,1.6869774189576248E-5,false,1.000084191448087,2.1140042282412417E-4,212042500
3.125E-5,19.39848484848485,16564,-0.9998491092561623,0.986350849621527,1.0652589175912492,1.6791730555465456E-5,false,1.0001295654278213,2.171560871733578E-4,681084300
3.125E-5,20.0,4436,-1.0000761530379676,0.9895781794389452,1.0687444337940608,1.4981269346292514E-5,false,1.0000761530379676,1.9975025795056683E-4,214769200
1.5625E-5,0.15,2,-1.1167650832569379E-4,0.6736169138280885,0.7275062669343356,1.0001116765083258,false,1.1167650832569379E-4,0.14998324852375114,217500
1.5625E-5,0.7515151515151516,16,-0.005120504965064333,0.8025789310744926,0.8667852455604521,1.0035843239915947,false,0.005120504965064333,0.7476727668960452,948500
1.5625E-5,1.353030303030303,2605,-0.9968489928787301,0.9951214213186582,1.0747311350241509,0.004751921999080144,false,0.9968608888543813,0.004286329641594514,117016600
1.5625E-5,1.9545454545454546,1482,-0.9989308093056899,0.9879787354380505,1.0670170342730947,0.001803381194477427,false,0.9989401904639555,0.0023498603443190716,73280100
1.5625E-5,2.556060606060606,1310,-0.9993753416632054,0.9895570118836675,1.068721572834361,9.540234879631404E-4,false,0.9994591209923606,0.0016256945698927454,83191200
1.5625E-5,3.1575757575757577,1288,-0.9996294240463963,0.9874787762211854,1.0664770783188804,6.397470658140447E-4,false,0.999687022604071,0.0013466998839964336,80511800
1.5625E-5,3.7590909090909093,1417,-0.9998115762511403,0.9863443382871536,1.065251885350126,4.423917781691822E-4,false,0.9998484576304458,0.00110866060771489,80201900
1.5625E-5,4.360606060606061,1323,-0.9997973330108849,0.9864666334228268,1.065383964096653,3.1161421828485025E-4,false,0.9998799909131734,9.058845658826255E-4,76708400
1.5625E-5,4.962121212121213,1512,-0.9999368739424332,0.9838974745688065,1.062609272534311,2.4386998514025482E-4,false,0.9999368739424332,8.067416175094289E-4,81449700
1.5625E-5,5.563636363636364,1459,-0.9998435875102973,0.9876776242542858,1.0666918341946288,1.9208877430931803E-4,false,0.9999329684411998,7.124747265291069E-4,82521000
1.5625E-5,6.165151515151516,1623,-0.9998946612769498,0.9892597741579509,1.068400556090587,1.6235252062368755E-4,false,0.9999562650874669,6.672852590078633E-4,93042000
1.5625E-5,6.7666666666666675,2377,-1.0000077195332104,0.9867101797630401,1.0656469941440834,1.3220367438815384E-4,false,1.0000459842812655,5.963854644621163E-4,119412100
1.5625E-5,7.368181818181819,1632,-0.9999794453638935,0.9855323472975772,1.0643749350813834,1.1350035102053457E-4,false,1.0000750340603353,5.575274818311714E-4,95255400
1.5625E-5,7.969696969696971,3537,-0.9999400390425975,0.993073001046777,1.0725188411305193,9.543663248956502E-5,false,1.0000060271541236,5.070673605001132E-4,171265200
1.5625E-5,8.571212121212122,2053,-0.9999708942290356,0.987138177321719,1.0661092315074567,8.073082920379004E-5,false,1.000026748230248,4.613073745513539E-4,110698900
1.5625E-5,9.172727272727274,1697,-0.9998208425935038,0.9873763900631195,1.0663665012681691,7.136638819038588E-5,false,1.0000366653404127,4.3641627687332946E-4,105253200
1.5625E-5,9.774242424242425,2368,-1.0000181004756672,0.9860609519085338,1.0649458280612165,6.321787044227811E-5,false,1.0001233626196082,4.119378608314507E-4,132171400
1.5625E-5,10.375757575757577,1754,-1.0000091237978532,0.9890811389360543,1.0682076300509387,5.561382099705803E-5,false,1.0000539327476177,3.8469034968470044E-4,95322800
1.5625E-5,10.977272727272728,3800,-0.9998603679086101,0.9875476892911247,1.0665515044344147,4.985121455181041E-5,false,1.0000661977571141,3.6482025194733986E-4,175671400
1.5625E-5,11.57878787878788,4261,-1.0000558339519552,0.9858123324144706,1.0646773190076284,4.459622021857346E-5,false,1.000095699174368,3.4424678273771556E-4,193969100
1.5625E-5,12.180303030303032,3162,-0.9998180383771605,0.987677853492636,1.0666920817720469,3.966303419944417E-5,false,1.000078635378082,3.2207185043366837E-4,154238200
1.5625E-5,12.781818181818183,6742,-1.000008532011762,0.9942059987155707,1.0737424786128165,3.862907029850149E-5,false,1.0000519754341732,3.2916650205874607E-4,303353700
1.5625E-5,13.383333333333335,3159,-0.9999839815432252,0.9869456889447029,1.0659013440602791,3.3811744788669884E-5,false,1.0000854080032306,3.0167590072557686E-4,158359500
1.5625E-5,13.984848484848486,5471,-0.9998598997832817,0.985236191429853,1.0640550867442413,3.1060266852733776E-5,false,1.0000954963955886,2.8958208388962906E-4,240166700
1.5625E-5,14.586363636363638,3875,-0.9998101471348566,0.9866080847651576,1.0655367315463702,2.7679169823935368E-5,false,1.0000817787515628,2.69158957469723E-4,193807100
1.5625E-5,15.18787878787879,6465,-1.0000686439311786,0.9867859107945028,1.0657287836580631,2.680575548241748E-5,false,1.0001277058254,2.7141504338964935E-4,280266800
1.5625E-5,15.78939393939394,8572,-0.9998619415984548,0.9882468768835015,1.0673066270341818,2.4298714930481857E-5,false,1.0001070370133016,2.557746548389409E-4,370616300
1.5625E-5,16.39090909090909,9900,-0.9999716470363024,0.9924387406255546,1.071833839875599,2.369211471020538E-5,false,1.0000584853048287,2.588901989242442E-4,424961400
1.5625E-5,16.992424242424242,5697,-0.9999720685118357,0.9922702899309186,1.071651913125392,2.1148680660720842E-5,false,1.0000419394537476,2.3957823596968105E-4,249392300
1.5625E-5,17.593939393939394,4319,-0.9999276423670329,0.9858498321167902,1.0647178186861335,1.8976286797256492E-5,false,1.0000826910401153,2.2257842655529534E-4,217657400
1.5625E-5,18.195454545454545,5284,-0.9999385051408247,0.9925345219722956,1.0719372837300793,1.857515268921528E-5,false,1.0000388171436818,2.2532223095432958E-4,255658400
1.5625E-5,18.796969696969697,7023,-0.9999906529084918,0.9921602539010701,1.0715330742131557,1.717179733706775E-5,false,1.0000618333708247,2.1518516945824497E-4,325340500
1.5625E-5,19.39848484848485,5849,-0.9999157433717427,0.9881349915812772,1.0671857909077793,1.6412048002401036E-5,false,1.000054519015115,2.1224590967145504E-4,266979500
1.5625E-5,20.0,10378,-0.9999958394793542,0.9904164222814685,1.069649736063986,1.524671786645726E-5,false,1.0000710297090154,2.0328957155276345E-4,431151500
